-- phpMyAdmin SQL Dump
-- version 5.1.0
-- https://www.phpmyadmin.net/
--
-- Хост: 127.0.0.1:3306
-- Время создания: Ноя 14 2021 г., 23:07
-- Версия сервера: 10.5.11-MariaDB
-- Версия PHP: 8.0.8

SET SQL_MODE = "NO_AUTO_VALUE_ON_ZERO";
START TRANSACTION;
SET time_zone = "+00:00";


/*!40101 SET @OLD_CHARACTER_SET_CLIENT=@@CHARACTER_SET_CLIENT */;
/*!40101 SET @OLD_CHARACTER_SET_RESULTS=@@CHARACTER_SET_RESULTS */;
/*!40101 SET @OLD_COLLATION_CONNECTION=@@COLLATION_CONNECTION */;
/*!40101 SET NAMES utf8mb4 */;

--
-- База данных: `eost`
--

-- --------------------------------------------------------

--
-- Структура таблицы `comments`
--

CREATE TABLE `comments` (
  `id` int(10) UNSIGNED NOT NULL,
  `text` text COLLATE utf8mb4_unicode_ci NOT NULL,
  `name` varchar(255) COLLATE utf8mb4_unicode_ci DEFAULT NULL,
  `email` varchar(255) COLLATE utf8mb4_unicode_ci DEFAULT NULL,
  `site` varchar(255) COLLATE utf8mb4_unicode_ci NOT NULL,
  `parent_id` int(11) NOT NULL,
  `heddin` enum('0','1') COLLATE utf8mb4_unicode_ci NOT NULL DEFAULT '0',
  `prev` int(11) NOT NULL DEFAULT 0,
  `created_at` timestamp NULL DEFAULT NULL,
  `updated_at` timestamp NULL DEFAULT NULL,
  `user_id` int(10) UNSIGNED DEFAULT NULL,
  `article_id` int(10) UNSIGNED DEFAULT NULL
) ENGINE=InnoDB DEFAULT CHARSET=utf8mb4 COLLATE=utf8mb4_unicode_ci ROW_FORMAT=COMPACT;

--
-- Дамп данных таблицы `comments`
--

INSERT INTO `comments` (`id`, `text`, `name`, `email`, `site`, `parent_id`, `heddin`, `prev`, `created_at`, `updated_at`, `user_id`, `article_id`) VALUES
(12, 'egegegg', NULL, NULL, 'http://eost.loc/blog/uslugi/5', 0, '0', 0, '2021-11-06 05:07:45', '2021-11-06 05:07:45', 1, 5),
(13, 'etetget', NULL, NULL, 'http://eost.loc/blog/uslugi/5', 0, '0', 0, '2021-11-06 05:08:54', '2021-11-06 05:08:54', 1, 5),
(14, 'ergdgzfg', NULL, NULL, 'http://eost.loc/blog/uslugi/5', 0, '1', 1, '2021-11-06 05:11:07', '2021-11-06 05:23:46', 1, 5),
(15, 'dffbdfbdb', NULL, NULL, 'http://eost.loc/blog/uslugi/5', 0, '1', 1, '2021-11-06 05:16:42', '2021-11-06 05:23:57', 1, 5),
(16, 'csdvsvsv s s ss', 'Tuliq', 'info@sarbontrans.com', 'http://eost.loc/blog/uslugi/5', 0, '0', 0, '2021-11-06 06:07:24', '2021-11-06 06:07:24', NULL, 5),
(17, 'csdvsvsv s s ss', 'Tuliq', 'info@sarbontrans.com', 'http://eost.loc/blog/uslugi/5', 0, '0', 0, '2021-11-06 06:08:24', '2021-11-06 06:08:24', NULL, 5),
(18, 'csdvsvsv s s ss', 'Tuliq', 'info@sarbontrans.com', 'http://eost.loc/blog/uslugi/5', 0, '0', 0, '2021-11-06 06:08:42', '2021-11-06 06:08:42', NULL, 5),
(19, 'csdvsvsv s s ss', 'Tuliq', 'info@sarbontrans.com', 'http://eost.loc/blog/uslugi/5', 0, '1', 1, '2021-11-06 06:09:04', '2021-11-06 06:09:59', NULL, 5);

-- --------------------------------------------------------

--
-- Структура таблицы `contacts`
--

CREATE TABLE `contacts` (
  `id` int(11) UNSIGNED NOT NULL,
  `message` text COLLATE utf8_unicode_ci NOT NULL,
  `name` varchar(255) COLLATE utf8_unicode_ci DEFAULT NULL,
  `email` varchar(255) COLLATE utf8_unicode_ci DEFAULT NULL,
  `site` varchar(255) COLLATE utf8_unicode_ci DEFAULT NULL,
  `user_id` int(10) UNSIGNED DEFAULT NULL,
  `prev` int(1) NOT NULL DEFAULT 0,
  `created_at` timestamp NULL DEFAULT NULL,
  `updated_at` timestamp NULL DEFAULT NULL
) ENGINE=InnoDB DEFAULT CHARSET=utf8 COLLATE=utf8_unicode_ci ROW_FORMAT=COMPACT;

--
-- Дамп данных таблицы `contacts`
--

INSERT INTO `contacts` (`id`, `message`, `name`, `email`, `site`, `user_id`, `prev`, `created_at`, `updated_at`) VALUES
(1, 'апвап', 'Jurabek', 'b_jurabek@umail.com', NULL, NULL, 1, '2021-11-08 20:30:52', '2021-11-08 21:59:15');

-- --------------------------------------------------------

--
-- Структура таблицы `failed_jobs`
--

CREATE TABLE `failed_jobs` (
  `id` bigint(20) UNSIGNED NOT NULL,
  `uuid` varchar(255) COLLATE utf8mb4_unicode_ci NOT NULL,
  `connection` text COLLATE utf8mb4_unicode_ci NOT NULL,
  `queue` text COLLATE utf8mb4_unicode_ci NOT NULL,
  `payload` longtext COLLATE utf8mb4_unicode_ci NOT NULL,
  `exception` longtext COLLATE utf8mb4_unicode_ci NOT NULL,
  `failed_at` timestamp NOT NULL DEFAULT current_timestamp()
) ENGINE=InnoDB DEFAULT CHARSET=utf8mb4 COLLATE=utf8mb4_unicode_ci;

-- --------------------------------------------------------

--
-- Структура таблицы `gallery`
--

CREATE TABLE `gallery` (
  `id` bigint(20) UNSIGNED NOT NULL,
  `name` text COLLATE utf8mb4_unicode_ci DEFAULT NULL,
  `img` text COLLATE utf8mb4_unicode_ci DEFAULT NULL,
  `sezi` int(4) NOT NULL,
  `created_at` timestamp NULL DEFAULT NULL,
  `updated_at` timestamp NULL DEFAULT NULL
) ENGINE=InnoDB DEFAULT CHARSET=utf8mb4 COLLATE=utf8mb4_unicode_ci;

--
-- Дамп данных таблицы `gallery`
--

INSERT INTO `gallery` (`id`, `name`, `img`, `sezi`, `created_at`, `updated_at`) VALUES
(4, '{\"name\":{\"ru\":\"\\u041c\\u044b EOSTS 2\",\"en\":\"\\u041c\\u044b EOSTS 2\",\"tu\":\"\\u041c\\u044b EOSTS 2\"}}', '{\"max\":\"max_w4wbdbizqfmk2azfwtdl.jpg\",\"min\":\"min_w4wbdbizqfmk2azfwtdl.jpg\",\"sr\":\"sr_w4wbdbizqfmk2azfwtdl.jpg\"}', 1, '2021-11-07 01:38:27', '2021-11-07 01:38:27'),
(5, '{\"name\":{\"ru\":\"\\u041c\\u044b EOSTS 2\",\"en\":\"\\u041c\\u044b EOSTS 2\",\"tu\":\"\\u041c\\u044b EOSTS 2\"}}', '{\"max\":\"max_edxjqkwitoy3t6amzrjv.jpg\",\"min\":\"min_edxjqkwitoy3t6amzrjv.jpg\",\"sr\":\"sr_edxjqkwitoy3t6amzrjv.jpg\"}', 2, '2021-11-07 01:38:52', '2021-11-07 01:38:52'),
(6, '{\"name\":{\"ru\":\"\\u041c\\u044b EOSTS 2\",\"en\":\"\\u041c\\u044b EOSTS 2\",\"tu\":\"\\u041c\\u044b EOSTS 2\"}}', '{\"max\":\"max_yoidluerfddxfpdhngxs.jpg\",\"min\":\"min_yoidluerfddxfpdhngxs.jpg\",\"sr\":\"sr_yoidluerfddxfpdhngxs.jpg\"}', 3, '2021-11-07 01:39:16', '2021-11-07 01:39:16'),
(7, '{\"name\":{\"ru\":\"\\u041c\\u044b EOSTS 2\",\"en\":\"\\u041c\\u044b EOSTS 2\",\"tu\":\"\\u041c\\u044b EOSTS 2\"}}', '{\"max\":\"max_xd7boisn98zqqdo4uvze.jpg\",\"min\":\"min_xd7boisn98zqqdo4uvze.jpg\",\"sr\":\"sr_xd7boisn98zqqdo4uvze.jpg\"}', 1, '2021-11-07 01:40:14', '2021-11-07 01:40:14'),
(8, '{\"name\":{\"ru\":\"\\u041c\\u044b EOSTS 2\",\"en\":\"\\u041c\\u044b EOSTS 2\",\"tu\":\"\\u041c\\u044b EOSTS 2\"}}', '{\"max\":\"max_br5t0837bxosbzoqoce3.jpg\",\"min\":\"min_br5t0837bxosbzoqoce3.jpg\",\"sr\":\"sr_br5t0837bxosbzoqoce3.jpg\"}', 2, '2021-11-07 01:40:38', '2021-11-07 01:40:38'),
(9, '{\"name\":{\"ru\":\"\\u041c\\u044b EOSTS 2\",\"en\":\"\\u041c\\u044b EOSTS 2\",\"tu\":\"\\u041c\\u044b EOSTS 2\"}}', '{\"max\":\"max_vx27iw2gziinfvboihsu.jpg\",\"min\":\"min_vx27iw2gziinfvboihsu.jpg\",\"sr\":\"sr_vx27iw2gziinfvboihsu.jpg\"}', 3, '2021-11-07 01:41:00', '2021-11-07 01:41:00'),
(10, '{\"name\":{\"ru\":\"\\u041c\\u044b EOSTS 2\",\"en\":\"\\u041c\\u044b EOSTS 2\",\"tu\":\"\\u041c\\u044b EOSTS 2\"}}', '{\"max\":\"max_eaquqv35jbxvwxzdpycj.jpg\",\"min\":\"min_eaquqv35jbxvwxzdpycj.jpg\",\"sr\":\"sr_eaquqv35jbxvwxzdpycj.jpg\"}', 1, '2021-11-07 01:41:23', '2021-11-07 01:41:23'),
(11, '{\"name\":{\"ru\":\"\\u041c\\u044b EOSTS 2\",\"en\":\"\\u041c\\u044b EOSTS 2\",\"tu\":\"\\u041c\\u044b EOSTS 2\"}}', '{\"max\":\"max_p2ghsnjqkvtk9mhz1zou.jpg\",\"min\":\"min_p2ghsnjqkvtk9mhz1zou.jpg\",\"sr\":\"sr_p2ghsnjqkvtk9mhz1zou.jpg\"}', 2, '2021-11-07 01:41:54', '2021-11-07 01:41:54'),
(12, '{\"name\":{\"ru\":\"\\u041c\\u044b EOSTS 2\",\"en\":\"\\u041c\\u044b EOSTS 2\",\"tu\":\"\\u041c\\u044b EOSTS 2\"}}', '{\"max\":\"max_olbzg1jokc5dghjsyrhr.jpg\",\"min\":\"min_olbzg1jokc5dghjsyrhr.jpg\",\"sr\":\"sr_olbzg1jokc5dghjsyrhr.jpg\"}', 3, '2021-11-07 01:42:14', '2021-11-07 01:42:14'),
(14, '{\"name\":{\"ru\":null,\"en\":null,\"tu\":null}}', '{\"max\":\"max_nc4immzvgbggoga8ano9.jpg\",\"min\":\"min_nc4immzvgbggoga8ano9.jpg\",\"sr\":\"sr_nc4immzvgbggoga8ano9.jpg\"}', 1, '2021-11-07 01:52:45', '2021-11-07 01:52:45'),
(15, '{\"name\":{\"ru\":null,\"en\":null,\"tu\":null}}', '{\"max\":\"max_jzj7ojeadyqzyrzn8cd9.jpg\",\"min\":\"min_jzj7ojeadyqzyrzn8cd9.jpg\",\"sr\":\"sr_jzj7ojeadyqzyrzn8cd9.jpg\"}', 2, '2021-11-07 01:53:20', '2021-11-07 01:53:20'),
(16, '{\"name\":{\"ru\":null,\"en\":null,\"tu\":null}}', '{\"max\":\"max_q9oxqhewdtw46iedklff.jpg\",\"min\":\"min_q9oxqhewdtw46iedklff.jpg\",\"sr\":\"sr_q9oxqhewdtw46iedklff.jpg\"}', 3, '2021-11-07 01:53:35', '2021-11-07 01:53:35'),
(17, '{\"name\":{\"ru\":null,\"en\":null,\"tu\":null}}', '{\"max\":\"max_gikh8ynryhlkig6s9ajt.jpg\",\"min\":\"min_gikh8ynryhlkig6s9ajt.jpg\",\"sr\":\"sr_gikh8ynryhlkig6s9ajt.jpg\"}', 1, '2021-11-07 01:53:59', '2021-11-07 01:53:59'),
(22, '{\"name\":{\"ru\":\"\\u041c\\u044b EOSTS 2\",\"en\":\"\\u041c\\u044b EOSTS 2\",\"tu\":\"\\u041c\\u044b EOSTS 2\"}}', '{\"max\":\"max_tv9sr1v1mrppdngpjlxv.jpg\",\"min\":\"min_tv9sr1v1mrppdngpjlxv.jpg\",\"sr\":\"sr_tv9sr1v1mrppdngpjlxv.jpg\"}', 2, '2021-11-07 02:15:40', '2021-11-07 02:15:40'),
(23, '{\"name\":{\"ru\":null,\"en\":null,\"tu\":null}}', '{\"max\":\"max_c6viig8wvbt2rpjoqqgq.jpg\",\"min\":\"min_c6viig8wvbt2rpjoqqgq.jpg\",\"sr\":\"sr_c6viig8wvbt2rpjoqqgq.jpg\"}', 3, '2021-11-07 02:47:16', '2021-11-07 02:47:16');

-- --------------------------------------------------------

--
-- Структура таблицы `menus`
--

CREATE TABLE `menus` (
  `id` bigint(20) UNSIGNED NOT NULL,
  `title` text COLLATE utf8mb4_unicode_ci NOT NULL,
  `path` varchar(255) COLLATE utf8mb4_unicode_ci NOT NULL,
  `parent` int(11) NOT NULL,
  `created_at` timestamp NULL DEFAULT NULL,
  `updated_at` timestamp NULL DEFAULT NULL
) ENGINE=InnoDB DEFAULT CHARSET=utf8mb4 COLLATE=utf8mb4_unicode_ci ROW_FORMAT=COMPACT;

--
-- Дамп данных таблицы `menus`
--

INSERT INTO `menus` (`id`, `title`, `path`, `parent`, `created_at`, `updated_at`) VALUES
(1, '{\"ru\":\"\\u041e \\u043d\\u0430\\u0441\",\"en\":\"About Us\",\"tu\":\"Hakk\\u0131m\\u0131zda\"}', '/pronas', 0, '2018-07-19 03:25:13', '2021-11-14 07:32:49'),
(2, '{\"ru\":\"\\u0423\\u0441\\u043b\\u0443\\u0433\\u0438\",\"en\":\"Services\",\"tu\":\"Hizmetler\"}', '/uslug', 0, '2018-07-19 03:28:24', '2021-11-14 13:15:24'),
(3, '{\"ru\":\"\\u041a\\u043e\\u043d\\u0442\\u0430\\u043a\\u0442\\u044b\",\"en\":\"Contacts\",\"tu\":\"Ki\\u015filer\"}', '/contacts/contacts', 0, '2018-07-19 03:29:51', '2021-11-07 13:46:57');

-- --------------------------------------------------------

--
-- Структура таблицы `migrations`
--

CREATE TABLE `migrations` (
  `id` int(10) UNSIGNED NOT NULL,
  `migration` varchar(255) COLLATE utf8mb4_unicode_ci NOT NULL,
  `batch` int(11) NOT NULL
) ENGINE=InnoDB DEFAULT CHARSET=utf8mb4 COLLATE=utf8mb4_unicode_ci;

--
-- Дамп данных таблицы `migrations`
--

INSERT INTO `migrations` (`id`, `migration`, `batch`) VALUES
(1, '2014_10_12_000000_create_users_table', 1),
(2, '2014_10_12_100000_create_password_resets_table', 1),
(3, '2019_08_19_000000_create_failed_jobs_table', 1),
(4, '2021_06_03_000133_create_loyxa_table', 2),
(5, '2021_06_03_000335_create_certificate_table', 2),
(6, '2021_06_03_000930_create_certifol_table', 2),
(7, '2021_11_05_234440_create_sliders_table', 3),
(8, '2021_11_05_234952_create_gallery_table', 3),
(9, '2021_11_14_033818_create_uslugi_table', 4),
(10, '2021_11_14_112041_create_onas_table', 5),
(11, '2021_11_14_112515_create_ourteam_table', 5);

-- --------------------------------------------------------

--
-- Структура таблицы `ourteam`
--

CREATE TABLE `ourteam` (
  `id` bigint(20) UNSIGNED NOT NULL,
  `prof` text COLLATE utf8mb4_unicode_ci NOT NULL,
  `name` text COLLATE utf8mb4_unicode_ci NOT NULL,
  `img` varchar(100) COLLATE utf8mb4_unicode_ci NOT NULL,
  `created_at` timestamp NULL DEFAULT NULL,
  `updated_at` timestamp NULL DEFAULT NULL
) ENGINE=InnoDB DEFAULT CHARSET=utf8mb4 COLLATE=utf8mb4_unicode_ci;

--
-- Дамп данных таблицы `ourteam`
--

INSERT INTO `ourteam` (`id`, `prof`, `name`, `img`, `created_at`, `updated_at`) VALUES
(8, '{\"ru\":\"\\u0423\\u0447\\u0440\\u0435\\u0434\\u0438\\u0442\\u0435\\u043b\\u044c\",\"en\":\"Founder\",\"tu\":\"Kurucu\"}', '{\"ru\":\"Jamolov Bahodir\",\"en\":\"Jamolov Bahodir\",\"tu\":\"Jamolov Bahodir\"}', '1636912455.jpg', '2021-11-14 11:09:52', '2021-11-14 12:54:15'),
(9, '{\"ru\":\"CTO\",\"en\":\"CTO\",\"tu\":\"CTO\"}', '{\"ru\":\"Rahmonov Sherali\",\"en\":\"Rahmonov Sherali\",\"tu\":\"Rahmonov Sherali\"}', '1636912491.jpg', '2021-11-14 12:54:51', '2021-11-14 12:54:51'),
(10, '{\"ru\":\"Manager\",\"en\":\"Manager\",\"tu\":\"Manager\"}', '{\"ru\":\"Davronov Firdavs\",\"en\":\"Davronov Firdavs\",\"tu\":\"Davronov Firdavs\"}', '1636912525.jpg', '2021-11-14 12:55:25', '2021-11-14 12:55:25');

-- --------------------------------------------------------

--
-- Структура таблицы `password_resets`
--

CREATE TABLE `password_resets` (
  `email` varchar(255) COLLATE utf8mb4_unicode_ci NOT NULL,
  `token` varchar(255) COLLATE utf8mb4_unicode_ci NOT NULL,
  `created_at` timestamp NULL DEFAULT NULL
) ENGINE=InnoDB DEFAULT CHARSET=utf8mb4 COLLATE=utf8mb4_unicode_ci;

--
-- Дамп данных таблицы `password_resets`
--

INSERT INTO `password_resets` (`email`, `token`, `created_at`) VALUES
('bjr061981@gmail.com', '$2y$10$LlZtBNtfEpK/9ribUDA7heOpETdtSAXgJLPnG8r8glFChtM3tWam.', '2021-10-19 05:48:56');

-- --------------------------------------------------------

--
-- Структура таблицы `permissions`
--

CREATE TABLE `permissions` (
  `id` int(10) UNSIGNED NOT NULL,
  `name` varchar(155) COLLATE utf8_unicode_ci NOT NULL,
  `atama` varchar(400) COLLATE utf8_unicode_ci DEFAULT NULL,
  `created_at` timestamp NULL DEFAULT NULL,
  `updated_at` timestamp NULL DEFAULT NULL
) ENGINE=InnoDB DEFAULT CHARSET=utf8 COLLATE=utf8_unicode_ci ROW_FORMAT=COMPACT;

--
-- Дамп данных таблицы `permissions`
--

INSERT INTO `permissions` (`id`, `name`, `atama`, `created_at`, `updated_at`) VALUES
(1, 'VIEW_ADMIN', '{\"ru\":\"\\u0410\\u0434\\u043c\\u0438\\u043d \\u0431\\u045e\\u043b\\u0438\\u043c\\u0438\\u043d\\u0438 \\u043a\\u045e\\u0440\\u0438\\u0448\"}', NULL, NULL),
(2, 'VIEW_ADMIN_XATO', '{\"ru\":\"\\u0425\\u0430\\u0442\\u043e\\u043b\\u0438\\u043a \\u0431\\u045e\\u043b\\u0438\\u043c\\u0438\\u043d\\u0438 \\u043a\\u045e\\u0440\\u0438\\u0448\"}', NULL, NULL),
(3, 'UPDATE_XATO', '{\"ru\":\"\\u0425\\u0430\\u0442\\u043e\\u043b\\u0438\\u043a\\u043b\\u0430\\u0440\\u043d\\u0438 \\u045e\\u0437\\u0433\\u0430\\u0440\\u0442\\u0438\\u0440\\u0438\\u0448\"}', NULL, NULL),
(4, 'DELETE_XATO', '{\"ru\":\"\\u0425\\u0430\\u0442\\u043e\\u043b\\u0438\\u043a\\u043b\\u0430\\u0440\\u043d\\u0438 \\u0443\\u0447\\u0438\\u0440\\u0438\\u0448\"}', NULL, NULL),
(7, 'VIEW_ADMIN_COMMENT', '{\"ru\":\"\\u0418\\u0437\\u043e\\u04b3 \\u0431\\u045e\\u043b\\u0438\\u043c\\u0438\\u043d\\u0438 \\u043a\\u045e\\u0440\\u0438\\u0448\"}', NULL, NULL),
(8, 'UPDATE_COMMENT', '{\"ru\":\"\\u0418\\u0437\\u043e\\u04b3\\u043b\\u0430\\u0440\\u043d\\u0438 \\u045e\\u0437\\u0433\\u0430\\u0440\\u0442\\u0438\\u0440\\u0438\\u0448\"}', NULL, NULL),
(9, 'DELETE_COMMENT', '{\"ru\":\"\\u0418\\u0437\\u043e\\u04b3\\u043b\\u0430\\u0440\\u043d\\u0438 \\u0443\\u0447\\u0438\\u0440\\u0438\\u0448\"}', NULL, NULL),
(10, 'ADD_COMMENT', '{\"ru\":\"\\u0418\\u0437\\u043e\\u04b3 \\u043a\\u0438\\u0440\\u0438\\u0442\\u0438\\u0448\"}', NULL, NULL),
(11, 'VIEW_ADMIN_USERS', '{\"ru\":\"\\u0424\\u043e\\u0439\\u0434\\u0430\\u043b\\u0430\\u043d\\u0443\\u0432\\u0447\\u0438\\u043b\\u0430\\u0440 \\u0431\\u045e\\u043b\\u0438\\u043c\\u0438\\u043d\\u0438 \\u043a\\u045e\\u0440\\u0438\\u0448\"}', NULL, NULL),
(12, 'EDIT_USERS', '{\"ru\":\"\\u0424\\u043e\\u0439\\u0434\\u0430\\u043b\\u0430\\u043d\\u0443\\u0432\\u0447\\u0438\\u043d\\u0438 \\u045e\\u0437\\u0433\\u0430\\u0440\\u0442\\u0438\\u0440\\u0438\\u0448\"}', NULL, NULL),
(13, 'ADMIN_USERS', '{\"ru\":\"\\u0424\\u043e\\u0439\\u0434\\u0430\\u043b\\u0430\\u043d\\u0443\\u0432\\u0447\\u0438\\u043b\\u0430\\u0440\"}', NULL, NULL),
(14, 'VIEW_ADMIN_MENU', '{\"ru\":\"\\u0410\\u0434\\u043c\\u0438\\u043d\\u0434\\u0430 \\u043c\\u0435\\u043d\\u044e\\u043d\\u0438 \\u0431\\u045e\\u043b\\u0438\\u043c\\u0438\\u043d\\u0438 \\u043a\\u045e\\u0440\\u0438\\u0448\"}', NULL, NULL),
(15, 'ADD_MENU', '{\"ru\":\"\\u0410\\u0434\\u043c\\u0438\\u043d\\u0434\\u0430 \\u043c\\u0435\\u043d\\u044e\\u043d\\u0438 \\u043a\\u0438\\u0440\\u0438\\u0442\\u0438\\u0448\"}', NULL, NULL),
(16, 'EDIT_MENU', '{\"ru\":\"\\u0410\\u0434\\u043c\\u0438\\u043d\\u0434\\u0430 \\u043c\\u0435\\u043d\\u044e\\u043d\\u0438 \\u045e\\u0437\\u0433\\u0430\\u0440\\u0442\\u0438\\u0440\\u0438\\u0448\"}', NULL, NULL),
(17, 'DELETE_MENU', '{\"ru\":\"\\u0410\\u0434\\u043c\\u0438\\u043d\\u0434\\u0430 \\u043c\\u0435\\u043d\\u044e\\u043d\\u0438 \\u045e\\u0447\\u0438\\u0440\\u0438\\u0448\"}', NULL, NULL),
(18, 'VIEW_ADMIN_ARTICLES', '{\"ru\":\"\\u0410\\u0434\\u043c\\u0438\\u043d\\u0434\\u0430 \\u043c\\u0430\\u049b\\u043e\\u043b\\u0430 \\u0431\\u045e\\u043b\\u0438\\u043c\\u0438\\u043d\\u0438 \\u043a\\u045e\\u0440\\u0438\\u0448\"}', NULL, NULL),
(19, 'ADD_ARTICLES', '{\"ru\":\"\\u041c\\u0430\\u049b\\u043e\\u043b\\u0430 \\u043a\\u0438\\u0440\\u0438\\u0442\\u0438\\u0448\"}', NULL, NULL),
(20, 'UPDATE_ARTICLES', '{\"ru\":\"\\u041c\\u0430\\u049b\\u043e\\u043b\\u0430\\u043d\\u0438 \\u045e\\u0437\\u0433\\u0430\\u0440\\u0442\\u0438\\u0440\\u0438\\u0448\"}', NULL, NULL),
(21, 'DELETE_ARTICLES', '{\"ru\":\"\\u041c\\u0430\\u049b\\u043e\\u043b\\u0430\\u043d\\u0438 \\u045e\\u0447\\u0438\\u0440\\u0438\\u0448\"}', NULL, NULL),
(22, 'VIEW_ADMIN_CONTACT', '{\"ru\":\"\\u0410\\u0434\\u043c\\u0438\\u043d\\u0434\\u0430 \\u0445\\u0430\\u0431\\u0430\\u0440\\u043b\\u0430\\u0440 \\u0431\\u045e\\u043b\\u0438\\u043c\\u0438\\u043d\\u0438 \\u043a\\u045e\\u0440\\u0438\\u0448\"}', NULL, NULL),
(23, 'ADD_CONTACT', '{\"ru\":\"\\u0425\\u0430\\u0431\\u0430\\u0440\\u043b\\u0430\\u0440\\u043d\\u0438 \\u043a\\u0438\\u0440\\u0438\\u0442\\u0438\\u0448\"}', NULL, NULL),
(24, 'UPDATE_CONTACT', '{\"ru\":\"\\u0425\\u0430\\u0431\\u0430\\u0440\\u043b\\u0430\\u0440\\u043d\\u0438 \\u045e\\u0437\\u0433\\u0430\\u0440\\u0442\\u0438\\u0440\\u0438\\u0448\"}', NULL, NULL),
(25, 'DELETE_CONTACT', '{\"ru\":\"\\u0425\\u0430\\u0431\\u0430\\u0440\\u043b\\u0430\\u0440\\u043d\\u0438 \\u045e\\u0447\\u0438\\u0440\\u0438\\u0448\"}', NULL, NULL),
(26, 'EDIT_PERMISSIONS', '{\"ru\":\"\\u0424\\u043e\\u0439\\u0434\\u0430\\u043b\\u0430\\u043d\\u0443\\u0432\\u0447\\u0438 \\u0445\\u0443\\u049b\\u0443\\u049b\\u0438\\u043d\\u0438 \\u045e\\u0437\\u0433\\u0430\\u0440\\u0442\\u0438\\u0440\\u0438\\u0448\"}', NULL, NULL),
(27, 'VIEW_ADMIN_SETTINGS', '{\"ru\":\"\\u041b\\u043e\\u0439\\u0445\\u0430 \\u0431\\u045e\\u043b\\u0438\\u043c\\u0438\\u043d\\u0438 \\u043a\\u045e\\u0440\\u0438\\u0448\"}', NULL, NULL),
(28, 'UPDATE_SETTINGS', '{\"ru\":\"\\u0421\\u0435\\u0440\\u0442\\u0438\\u0444\\u0438\\u043a\\u0430\\u0442 \\u0431\\u045e\\u043b\\u0438\\u043c\\u0438\\u043d\\u0438 \\u043a\\u045e\\u0440\\u0438\\u0448\"}', NULL, NULL),
(29, 'DELETE_CONTACT', '{\"ru\":\"\\u0421\\u0435\\u0440\\u0442\\u0438\\u0444\\u0438\\u043a\\u0430\\u0442 \\u0431\\u045e\\u043b\\u0438\\u043c\\u0438\\u043d\\u0438 \\u043a\\u045e\\u0440\\u0438\\u0448\"}', NULL, NULL);

-- --------------------------------------------------------

--
-- Структура таблицы `permission_role`
--

CREATE TABLE `permission_role` (
  `id` int(10) UNSIGNED NOT NULL,
  `role_id` int(10) UNSIGNED NOT NULL DEFAULT 1,
  `permission_id` int(10) UNSIGNED NOT NULL DEFAULT 1,
  `created_at` timestamp NULL DEFAULT NULL,
  `updated_at` timestamp NULL DEFAULT NULL
) ENGINE=InnoDB DEFAULT CHARSET=utf8 COLLATE=utf8_unicode_ci;

--
-- Дамп данных таблицы `permission_role`
--

INSERT INTO `permission_role` (`id`, `role_id`, `permission_id`, `created_at`, `updated_at`) VALUES
(1, 1, 1, NULL, NULL),
(2, 1, 2, NULL, NULL),
(3, 1, 3, NULL, NULL),
(4, 1, 4, NULL, NULL),
(7, 1, 7, NULL, NULL),
(8, 1, 8, NULL, NULL),
(9, 1, 9, NULL, NULL),
(10, 1, 10, NULL, NULL),
(11, 1, 11, NULL, NULL),
(12, 1, 12, NULL, NULL),
(13, 1, 13, NULL, NULL),
(14, 1, 14, NULL, NULL),
(15, 1, 15, NULL, NULL),
(16, 1, 16, NULL, NULL),
(17, 1, 17, NULL, NULL),
(22, 1, 22, NULL, NULL),
(23, 1, 23, NULL, NULL),
(24, 1, 24, NULL, NULL),
(25, 1, 25, NULL, NULL),
(26, 1, 26, NULL, NULL),
(35, 1, 27, NULL, NULL),
(36, 1, 28, NULL, NULL),
(37, 1, 29, NULL, NULL),
(38, 1, 18, NULL, NULL),
(39, 1, 19, NULL, NULL),
(40, 1, 20, NULL, NULL),
(41, 1, 21, NULL, NULL);

-- --------------------------------------------------------

--
-- Структура таблицы `requ`
--

CREATE TABLE `requ` (
  `id` bigint(20) UNSIGNED NOT NULL,
  `name` varchar(255) CHARACTER SET utf8mb4 COLLATE utf8mb4_unicode_ci NOT NULL,
  `number` varchar(255) CHARACTER SET utf8mb4 COLLATE utf8mb4_unicode_ci NOT NULL,
  `email` varchar(255) CHARACTER SET utf8mb4 COLLATE utf8mb4_unicode_ci NOT NULL,
  `package` varchar(255) CHARACTER SET utf8mb4 COLLATE utf8mb4_unicode_ci NOT NULL,
  `text` text NOT NULL,
  `created_at` timestamp NULL DEFAULT NULL,
  `updated_at` timestamp NULL DEFAULT NULL
) ENGINE=InnoDB DEFAULT CHARSET=utf8 ROW_FORMAT=COMPACT;

--
-- Дамп данных таблицы `requ`
--

INSERT INTO `requ` (`id`, `name`, `number`, `email`, `package`, `text`, `created_at`, `updated_at`) VALUES
(1, 'Jurabek', '998919077684', 'bjr061981@gmail.com', 'Перевозка драгоценных грузов', 'dfsf', '2021-11-09 01:39:30', '2021-11-09 01:39:30');

-- --------------------------------------------------------

--
-- Структура таблицы `roles`
--

CREATE TABLE `roles` (
  `id` int(10) UNSIGNED NOT NULL,
  `name` varchar(255) COLLATE utf8_unicode_ci NOT NULL,
  `created_at` timestamp NULL DEFAULT NULL,
  `updated_at` timestamp NULL DEFAULT NULL
) ENGINE=InnoDB DEFAULT CHARSET=utf8 COLLATE=utf8_unicode_ci;

--
-- Дамп данных таблицы `roles`
--

INSERT INTO `roles` (`id`, `name`, `created_at`, `updated_at`) VALUES
(1, 'Admin', NULL, NULL),
(2, 'Guest', NULL, NULL);

-- --------------------------------------------------------

--
-- Структура таблицы `role_user`
--

CREATE TABLE `role_user` (
  `id` int(10) UNSIGNED NOT NULL,
  `created_at` timestamp NULL DEFAULT NULL,
  `updated_at` timestamp NULL DEFAULT NULL,
  `user_id` int(10) UNSIGNED NOT NULL DEFAULT 1,
  `role_id` int(10) UNSIGNED NOT NULL DEFAULT 2
) ENGINE=InnoDB DEFAULT CHARSET=utf8 COLLATE=utf8_unicode_ci;

--
-- Дамп данных таблицы `role_user`
--

INSERT INTO `role_user` (`id`, `created_at`, `updated_at`, `user_id`, `role_id`) VALUES
(1, '2020-12-13 05:39:26', '2020-12-13 05:39:26', 1, 1),
(14, '2021-10-31 21:02:13', '2021-10-31 21:02:13', 2, 2);

-- --------------------------------------------------------

--
-- Структура таблицы `setting`
--

CREATE TABLE `setting` (
  `id` bigint(20) NOT NULL,
  `names` longtext COLLATE utf8mb4_unicode_ci DEFAULT NULL,
  `address` text COLLATE utf8mb4_unicode_ci DEFAULT NULL,
  `sot_network` text COLLATE utf8mb4_unicode_ci DEFAULT NULL,
  `img` varchar(255) COLLATE utf8mb4_unicode_ci DEFAULT NULL,
  `rating` text COLLATE utf8mb4_unicode_ci DEFAULT NULL,
  `css` int(1) NOT NULL DEFAULT 0,
  `prcomp` text COLLATE utf8mb4_unicode_ci NOT NULL,
  `question` longtext COLLATE utf8mb4_unicode_ci NOT NULL,
  `vebor` text COLLATE utf8mb4_unicode_ci NOT NULL,
  `select` text COLLATE utf8mb4_unicode_ci NOT NULL,
  `created_at` timestamp NULL DEFAULT NULL,
  `updated_at` timestamp NULL DEFAULT NULL
) ENGINE=InnoDB DEFAULT CHARSET=utf8mb4 COLLATE=utf8mb4_unicode_ci;

--
-- Дамп данных таблицы `setting`
--

INSERT INTO `setting` (`id`, `names`, `address`, `sot_network`, `img`, `rating`, `css`, `prcomp`, `question`, `vebor`, `select`, `created_at`, `updated_at`) VALUES
(1, '{\"name\":{\"ru\":\"EO\\u0421T\\u0421 (\\u0415\\u0432\\u0440\\u043e \\u041e\\u0441\\u0438\\u0451 \\u0421\\u0430\\u0440\\u0431\\u043e\\u043d \\u0422\\u0440\\u0430\\u043d\\u0441 \\u0421\\u0435\\u0440\\u0432\\u0438\\u0441)\",\"en\":\"EOSTS(EvroOsiyo Sarbon Trans Servis)\",\"tu\":\"EOSTS(EvroOsiyo Sarbon Trans Servis)\"}}', '{\"addres\":{\"bux\":{\"ru\":\"\\u0423\\u0437\\u0431\\u0435\\u043a\\u0438\\u0441\\u0442\\u0430\\u043d, \\u0411\\u0443\\u0445\\u0430\\u0440\\u0441\\u043a\\u0430\\u044f \\u043e\\u0431\\u043b\\u0430\\u0441\\u0442\\u044c, \\u0440\\u0430\\u0439\\u043e\\u043d \\u0413\\u0438\\u0436\\u0434\\u0443\\u0432\\u0430\\u043d, \\u0443\\u043b. \\u0427\\u043e\\u0440\\u0441\\u0443 101\",\"en\":\"\\u0423\\u0437\\u0431\\u0435\\u043a\\u0438\\u0441\\u0442\\u0430\\u043d, \\u0411\\u0443\\u0445\\u0430\\u0440\\u0441\\u043a\\u0430\\u044f \\u043e\\u0431\\u043b\\u0430\\u0441\\u0442\\u044c, \\u0440\\u0430\\u0439\\u043e\\u043d \\u0413\\u0438\\u0436\\u0434\\u0443\\u0432\\u0430\\u043d, \\u0443\\u043b. \\u0427\\u043e\\u0440\\u0441\\u0443 101\",\"tu\":\"\\u0423\\u0437\\u0431\\u0435\\u043a\\u0438\\u0441\\u0442\\u0430\\u043d, \\u0411\\u0443\\u0445\\u0430\\u0440\\u0441\\u043a\\u0430\\u044f \\u043e\\u0431\\u043b\\u0430\\u0441\\u0442\\u044c, \\u0440\\u0430\\u0439\\u043e\\u043d \\u0413\\u0438\\u0436\\u0434\\u0443\\u0432\\u0430\\u043d, \\u0443\\u043b. \\u0427\\u043e\\u0440\\u0441\\u0443 101\"},\"tosh\":{\"ru\":\"\\u0423\\u0437\\u0431\\u0435\\u043a\\u0438\\u0441\\u0442\\u0430\\u043d, \\u0411\\u0443\\u0445\\u0430\\u0440\\u0441\\u043a\\u0430\\u044f \\u043e\\u0431\\u043b\\u0430\\u0441\\u0442\\u044c, \\u0440\\u0430\\u0439\\u043e\\u043d \\u0413\\u0438\\u0436\\u0434\\u0443\\u0432\\u0430\\u043d, \\u0443\\u043b. \\u0427\\u043e\\u0440\\u0441\\u0443 101\",\"en\":\"\\u0423\\u0437\\u0431\\u0435\\u043a\\u0438\\u0441\\u0442\\u0430\\u043d, \\u0411\\u0443\\u0445\\u0430\\u0440\\u0441\\u043a\\u0430\\u044f \\u043e\\u0431\\u043b\\u0430\\u0441\\u0442\\u044c, \\u0440\\u0430\\u0439\\u043e\\u043d \\u0413\\u0438\\u0436\\u0434\\u0443\\u0432\\u0430\\u043d, \\u0443\\u043b. \\u0427\\u043e\\u0440\\u0441\\u0443 101\",\"tu\":\"\\u0423\\u0437\\u0431\\u0435\\u043a\\u0438\\u0441\\u0442\\u0430\\u043d, \\u0411\\u0443\\u0445\\u0430\\u0440\\u0441\\u043a\\u0430\\u044f \\u043e\\u0431\\u043b\\u0430\\u0441\\u0442\\u044c, \\u0440\\u0430\\u0439\\u043e\\u043d \\u0413\\u0438\\u0436\\u0434\\u0443\\u0432\\u0430\\u043d, \\u0443\\u043b. \\u0427\\u043e\\u0440\\u0441\\u0443 101\"}},\"phone\":[\"+99899 311 49 00\",\"+99899 311 49 00\"],\"email\":[\"info@sarbontrans.com\",\"support@sarbontrans.com\"]}', '{\"sotnet\":{\"facebook\":\"http:\\/\\/www.facebook.com\\/\",\"telegram\":\"http:\\/\\/www.telegram.me\\/\",\"instagram\":null,\"twitter\":null,\"whatsapp\":\"http:\\/\\/www.whatsapp.com\\/\",\"youtube\":null}}', NULL, NULL, 0, '{\"ru\":\"<h2 class=\\\"mb-4 fw-7 txt-blue\\\">\\r\\n                                \\u041f\\u0440\\u043e <span class=\\\"fw-6 txt-orange\\\" itemprop=\\\"name\\\">EOSTS<\\/span>\\r\\n                            <\\/h2>\\r\\n\\r\\n                            <p itemprop=\\\"description\\\">\\r\\n                                \\u041a\\u043e\\u043c\\u043f\\u0430\\u043d\\u0438\\u044f <span itemprop=\\\"name\\\"> EOSTS(EvroOsiyo Sarbon Trans Servis) <\\/span> \\u0437\\u0430\\u043d\\u0438\\u043c\\u0430\\u0435\\u0442\\u0441\\u044f\\r\\n                                \\u043a\\u043e\\u043c\\u043f\\u043b\\u0435\\u043a\\u0441\\u043d\\u043e\\u0439 \\u0434\\u043e\\u0441\\u0442\\u0430\\u0432\\u043a\\u043e\\u0439 \\u0433\\u0440\\u0443\\u0437\\u043e\\u0432 \\u0438\\u0437\\r\\n                                \\u0423\\u0437\\u0431\\u0435\\u043a\\u0438\\u0441\\u0442\\u0430\\u043d\\u0430, \\u0422\\u0443\\u0440\\u0446\\u0438\\u0438, \\u0420\\u043e\\u0441\\u0441\\u0438\\u0438, \\u0423\\u043a\\u0440\\u0430\\u0438\\u043d\\u044b, \\u041f\\u043e\\u043b\\u044c\\u0448\\u0438, \\u041b\\u0438\\u0442\\u0432\\u044b, \\u041b\\u0430\\u0442\\u0432\\u0438\\u0438 \\u0438 \\u0441\\u0442\\u0440\\u0430\\u043d \\u0415\\u0432\\u0440\\u043e\\u043f\\u044b.\\r\\n                                \\u041c\\u044b \\u0440\\u0430\\u0431\\u043e\\u0442\\u0430\\u0435\\u043c \\u0441 \\u0431\\u043e\\u043b\\u0435\\u0435 \\u0447\\u0435\\u043c 200 \\u043f\\u0430\\u0440\\u0442\\u043d\\u0435\\u0440\\u0430\\u043c\\u0438 \\u0438 \\u0441\\u043e\\u0442\\u0440\\u0443\\u0434\\u043d\\u0438\\u0447\\u0430\\u0435\\u043c \\u0431\\u043e\\u043b\\u0435\\u0435 10 \\u043b\\u0435\\u0442.\\r\\n                            <\\/p>\\r\\n\\r\\n                            <p itemprop=\\\"disambiguatingDescription\\\">\\r\\n                                \\u0423\\u0441\\u043b\\u0443\\u0433\\u0443 \\u0437\\u0430\\u043f\\u0443\\u0441\\u0442\\u0438\\u043b\\r\\n                                <span itemprop=\\\"founder\\\" itemtype=\\\"https:\\/\\/schema.org\\/founder\\\">\\r\\n                                    \\u0414\\u0436\\u0430\\u043c\\u043e\\u043b\\u043e\\u0432 \\u0411\\u0430\\u0445\\u043e\\u0434\\u0438\\u0440\\r\\n                                <\\/span>\\r\\n                                \\u0432 2006 \\u0433\\u043e\\u0434\\u0443.\\r\\n                                \\u041e\\u043d \\u043d\\u0430\\u0447\\u0430\\u043b \\u043f\\u0435\\u0440\\u0435\\u0432\\u043e\\u0437\\u043a\\u0443 \\u043d\\u0430 \\u0433\\u0440\\u0443\\u0437\\u043e\\u0432\\u0438\\u043a\\u0430\\u0445 \\u043c\\u0430\\u0440\\u043a\\u0438 \\u00ab\\u041a\\u0410\\u041c\\u0410\\u0417\\u00bb.\\r\\n                                \\u0412 \\u0442\\u043e \\u0432\\u0440\\u0435\\u043c\\u044f \\u043e\\u043d \\u0440\\u0430\\u0431\\u043e\\u0442\\u0430\\u043b \\u0441 \\u0434\\u0440\\u0443\\u0433\\u0438\\u043c\\u0438 \\u043b\\u043e\\u0433\\u0438\\u0441\\u0442\\u0438\\u0447\\u0435\\u0441\\u043a\\u0438\\u043c\\u0438 \\u043a\\u043e\\u043c\\u043f\\u0430\\u043d\\u0438\\u044f\\u043c\\u0438 \\u0438 \\u043d\\u0430\\u0431\\u0438\\u0440\\u0430\\u043b\\u0441\\u044f \\u043e\\u043f\\u044b\\u0442\\u0430.\\r\\n                                \\u041f\\u0440\\u043e\\u0440\\u0430\\u0431\\u043e\\u0442\\u0430\\u0432 \\u043f\\u0430\\u0440\\u0443 \\u043b\\u0435\\u0442, \\u0435\\u043c\\u0443 \\u0443\\u0434\\u0430\\u043b\\u043e\\u0441\\u044c \\u0443\\u0432\\u0435\\u043b\\u0438\\u0447\\u0438\\u043b \\u043a\\u043e\\u043b\\u0438\\u0447\\u0435\\u0441\\u0442\\u0432\\u043e \\u0433\\u0440\\u0443\\u0437\\u043e\\u0432\\u0438\\u043a\\u043e\\u0432 \\u0434\\u043e 5.\\r\\n                                \\u0414\\u0436\\u0430\\u043c\\u043e\\u043b\\u043e\\u0432 \\u0411\\u0430\\u0445\\u043e\\u0434\\u0438\\u0440 \\u043e\\u0441\\u043d\\u043e\\u0432\\u0430\\u043b \\u043a\\u043e\\u043c\\u043f\\u0430\\u043d\\u0438\\u044e EOSTS (\\u0415\\u0432\\u0440\\u043e\\u041e\\u0441\\u0438\\u0451 \\u0421\\u0430\\u0440\\u0431\\u043e\\u043d \\u0422\\u0440\\u0430\\u043d\\u0441 \\u0421\\u0435\\u0440\\u0432\\u0438\\u0441) \\u0432 \\u0423\\u0437\\u0431\\u0435\\u043a\\u0438\\u0441\\u0442\\u0430\\u043d\\u0435 \\u0432\\r\\n                                2014 \\u0433\\u043e\\u0434\\u0443.\\r\\n\\r\\n                            <\\/p>\",\"en\":\"<h2 class=\\\"mb-4 fw-7 txt-blue\\\">\\r\\n                                About <span class=\\\"fw-6 txt-orange\\\" itemprop=\\\"name\\\"> EOSTS <\\/span>\\r\\n                            <\\/h2>\\r\\n\\r\\n                            <p itemprop=\\\"description\\\">\\r\\n                                <span itemprop=\\\"name\\\"> EOSTS (EvroOsiyo Sarbon Trans Servis) <\\/span> is engaged in\\r\\n                                complex delivery of goods from\\r\\n                                Uzbekistan, Turkey, Russia, Ukraine, Poland, Lithuania, Latvia and European countries.\\r\\n                                We work with more than 200 partners and have been cooperating for over 10 years.\\r\\n                            <\\/p>\\r\\n\\r\\n                            <p itemprop=\\\"disambiguatingDescription\\\">\\r\\n                                Service launched\\r\\n                                <span itemprop=\\\"founder\\\" itemtype=\\\"https:\\/\\/schema.org\\/founder\\\">\\r\\n                                    Jamolov Bakhodir\\r\\n                                <\\/span>\\r\\n                                in 2006 year.\\r\\n                                He started transportation on KAMAZ trucks.\\r\\n                                At that time he was working with other logistics companies and gaining experience.\\r\\n                                After working for a couple of years, he managed to increase the number of trucks to 5.\\r\\n                                Jamolov Bakhodir founded the company EOSTS (EuroOsiyo Sarbon Trans Service) in Uzbekistan in\\r\\n                                2014 year.\\r\\n\\r\\n                            <\\/p>\",\"tu\":\"<h2 s\\u0131n\\u0131f\\u0131=\\\"mb-4 fw-7 txt-mavi\\\">\\r\\n                                <span class=\\\"fw-6 txt-orange\\\" itemprop=\\\"name\\\"> EOSTS <\\/span> hakk\\u0131nda\\r\\n                            <\\/h2>\\r\\n\\r\\n                            <p itemprop=\\\"a\\u00e7\\u0131klama\\\">\\r\\n                                <span itemprop=\\\"name\\\"> EOSTS (EvroOsiyo Sarbon Trans Servis) <\\/span> faaliyet g\\u00f6steriyor\\r\\n                                mallar\\u0131n karma\\u015f\\u0131k teslimat\\u0131\\r\\n                                \\u00d6zbekistan, T\\u00fcrkiye, Rusya, Ukrayna, Polonya, Litvanya, Letonya ve Avrupa \\u00fclkeleri.\\r\\n                                200\'den fazla ortakla \\u00e7al\\u0131\\u015f\\u0131yoruz ve 10 y\\u0131l\\u0131 a\\u015fk\\u0131n bir s\\u00fcredir i\\u015fbirli\\u011fi yap\\u0131yoruz.\\r\\n                            <\\/p>\\r\\n\\r\\n                            <p itemprop=\\\"belirsizli\\u011fi gidermeA\\u00e7\\u0131klama\\\">\\r\\n                                Hizmet ba\\u015flat\\u0131ld\\u0131\\r\\n                                <span itemprop=\\\"kurucu\\\" itemtype=\\\"https:\\/\\/schema.org\\/founder\\\">\\r\\n                                    Jamolov Bakhodir\\r\\n                                <\\/span>\\r\\n                                2006 y\\u0131l\\u0131nda.\\r\\n                                KAMAZ kamyonlar\\u0131yla ta\\u015f\\u0131maya ba\\u015flad\\u0131.\\r\\n                                O s\\u0131ralarda di\\u011fer lojistik firmalar\\u0131yla \\u00e7al\\u0131\\u015f\\u0131yor ve deneyim kazan\\u0131yordu.\\r\\n                                Birka\\u00e7 y\\u0131l \\u00e7al\\u0131\\u015ft\\u0131ktan sonra t\\u0131r say\\u0131s\\u0131n\\u0131 5\'e \\u00e7\\u0131karmay\\u0131 ba\\u015fard\\u0131.\\r\\n                                Jamolov Bakhodir, \\u00d6zbekistan\'da EOSTS (EuroOsiyo Sarbon Trans Service) \\u015firketini kurdu.\\r\\n                                2014 y\\u0131l\\u0131.\\r\\n\\r\\n                            <\\/p>\"}', '{\"ru\":\"<!-- What Makes Us Special Start -->\\r\\n            <section class=\\\"bg-light-gray wide-tb-100 pb-5 why-choose\\\">\\r\\n                <div class=\\\"container pos-rel\\\">\\r\\n                    <div class=\\\"row\\\">\\r\\n                        <!-- Heading Main -->\\r\\n                        <div class=\\\"col-sm-12 wow fadeInDown\\\" data-wow-duration=\\\"0\\\" data-wow-delay=\\\"0s\\\">\\r\\n                            <h1 class=\\\"heading-main\\\">\\r\\n                                <span>\\u041d\\u0430\\u0448\\u0435 \\u0443\\u043d\\u0438\\u043a\\u0430\\u043b\\u044c\\u043d\\u043e\\u0441\\u0442\\u044c<\\/span> \\u0427\\u0442\\u043e \\u0434\\u0435\\u043b\\u0430\\u0435\\u0442 \\u043d\\u0430\\u0441 \\u043e\\u0441\\u043e\\u0431\\u0435\\u043d\\u043d\\u044b\\u043c\\u0438?\\r\\n                            <\\/h1>\\r\\n                        <\\/div>\\r\\n                        <!-- Heading Main -->\\r\\n\\r\\n\\r\\n\\r\\n                        <!-- Icon Box 2 -->\\r\\n                        <div class=\\\"col-12 col-lg-4 wow fadeInUp\\\" data-wow-duration=\\\"0\\\" data-wow-delay=\\\"0s\\\">\\r\\n                            <div class=\\\"icon-box-2\\\">\\r\\n                                <div class=\\\"media\\\">\\r\\n                                    <div class=\\\"service-icon\\\">\\r\\n                                        <i class=\\\"icofont-id\\\"><\\/i>\\r\\n                                    <\\/div>\\r\\n                                    <div class=\\\"service-inner-content media-body\\\">\\r\\n                                        <h4 class=\\\"h4-md\\\">\\u041d\\u0430\\u0434\\u0435\\u0436\\u043d\\u044b\\u0435 \\u0443\\u0441\\u043b\\u0443\\u0433\\u0438<\\/h4>\\r\\n                                        <p>\\r\\n                                            \\u041c\\u044b \\u0432 \\u0441\\u0444\\u0435\\u0440\\u0435 \\u0443\\u0441\\u043b\\u0443\\u0433\\u0438 \\u043b\\u043e\\u0433\\u0438\\u0441\\u0442\\u0438\\u043a\\u0430 \\u0443\\u0436\\u0435 \\u0431\\u043e\\u043b\\u0435\\u0435 10 \\u043b\\u0435\\u0442 \\u043e\\u0431\\u0441\\u043b\\u0443\\u0436\\u0438\\u0432\\u0430\\u0435\\u043c \\u043e\\u043f\\u0435\\u0440\\u0430\\u0442\\u0438\\u0432\\u043d\\u043e \\u0438\\r\\n                                            \\u043d\\u0430\\u0434\\u0451\\u0436\\u043d\\u043e.\\r\\n                                            \\u041c\\u044b \\u043e\\u0442\\u043d\\u043e\\u0441\\u0438\\u043c\\u0441\\u044f \\u043a\\u043e \\u0432\\u0441\\u0435\\u043c \\u0433\\u0440\\u0443\\u0437\\u0430\\u043c \\u043a\\u0430\\u043a \\u0441\\u0432\\u043e\\u0438\\u043c.\\r\\n                                        <\\/p>\\r\\n                                    <\\/div>\\r\\n                                <\\/div>\\r\\n                            <\\/div>\\r\\n                        <\\/div>\\r\\n                        <!-- Icon Box -->\\r\\n\\r\\n                        <!-- Icon Box 2 -->\\r\\n                        <div class=\\\"col-12 col-lg-4 wow fadeInUp\\\" data-wow-duration=\\\"0\\\" data-wow-delay=\\\"0.2s\\\">\\r\\n                            <div class=\\\"icon-box-2\\\">\\r\\n                                <div class=\\\"media\\\">\\r\\n                                    <div class=\\\"service-icon\\\">\\r\\n                                        <i class=\\\"icofont-live-support\\\"><\\/i>\\r\\n                                    <\\/div>\\r\\n                                    <div class=\\\"service-inner-content media-body\\\">\\r\\n                                        <h4 class=\\\"h4-md\\\">\\u0421\\u043b\\u0443\\u0436\\u0431\\u0430 \\u043f\\u043e\\u0434\\u0434\\u0435\\u0440\\u0436\\u043a\\u0438 \\u043a\\u043b\\u0438\\u0435\\u043d\\u0442\\u043e\\u0432<\\/h4>\\r\\n                                        <p>\\r\\n                                            \\u041c\\u044b \\u043f\\u043e\\u043d\\u0438\\u043c\\u0430\\u0435\\u043c \\u0447\\u0442\\u043e \\u0432 21 \\u0432\\u0435\\u043a\\u0435 \\u0432\\u0441\\u0435 \\u0443\\u0441\\u043a\\u043e\\u0440\\u044f\\u0435\\u0442\\u0441\\u044f \\u0438 \\u043d\\u0443\\u0436\\u043d\\u044b \\u043e\\u0442\\u0432\\u0435\\u0442\\u044b \\u043d\\u0430 \\u0432\\u0441\\u0435 \\u0432\\u043e\\u043f\\u0440\\u043e\\u0441\\u044b\\r\\n                                            \\u0431\\u044b\\u0441\\u0442\\u0440\\u0435\\u0435 \\u0447\\u0435\\u043c \\u0440\\u0430\\u043d\\u044c\\u0448\\u0435. \\u041f\\u043e\\u044d\\u0442\\u043e\\u043c\\u0443 \\u043c\\u044b \\u0441\\u043b\\u0443\\u0436\\u0438\\u043c \\u0432\\u0430\\u043c 24\\/7.\\r\\n                                        <\\/p>\\r\\n                                    <\\/div>\\r\\n                                <\\/div>\\r\\n                            <\\/div>\\r\\n                        <\\/div>\\r\\n                        <!-- Icon Box -->\\r\\n\\r\\n                        <!-- Icon Box 2 -->\\r\\n                        <div class=\\\"col-12 col-lg-4 wow fadeInUp\\\" data-wow-duration=\\\"0\\\" data-wow-delay=\\\"0.4s\\\">\\r\\n                            <div class=\\\"icon-box-2\\\">\\r\\n                                <div class=\\\"media\\\">\\r\\n                                    <div class=\\\"service-icon\\\">\\r\\n                                        <i class=\\\"icofont-history\\\"><\\/i>\\r\\n                                    <\\/div>\\r\\n                                    <div class=\\\"service-inner-content media-body\\\">\\r\\n                                        <h4 class=\\\"h4-md\\\">\\u0418\\u043d\\u0434\\u0438\\u0432\\u0438\\u0434\\u0443\\u0430\\u043b\\u043d\\u043e\\u0441\\u0442\\u044c \\u0438 \\u043f\\u0443\\u043d\\u043a\\u0442\\u0443\\u0430\\u043b\\u044c\\u043d\\u043e\\u0441\\u0442\\u044c<\\/h4>\\r\\n                                        <p>\\r\\n                                            <!-- \\u041d\\u0430\\u0448\\u0438 \\u0441\\u043f\\u0435\\u0446\\u0438\\u0430\\u043b\\u0438\\u0441\\u0442\\u044b \\u0441 \\u0443\\u0434\\u043e\\u0432\\u043e\\u043b\\u044c\\u0441\\u0442\\u0432\\u0438\\u0435\\u043c \\u043e\\u0442\\u0432\\u0435\\u0442\\u044f\\u0442 \\u043d\\u0430 \\u0432\\u0430\\u0448\\u0438 \\u0432\\u043e\\u043f\\u0440\\u043e\\u0441\\u044b \\u0438 \\u043f\\u043e\\u043c\\u043e\\u0433\\u0443\\u0442 \\u0432\\u044b\\u0431\\u0440\\u0430\\u0442\\u044c \\u0438\\u0434\\u0435\\u0430\\u043b\\u044c\\u043d\\u044b\\u0439  \\u0432\\u0430\\u0440\\u0438\\u0430\\u043d\\u0442 \\u0434\\u043e\\u0441\\u0442\\u0430\\u0432\\u043a\\u0438 \\u0433\\u0440\\u0443\\u0437\\u0430. -->\\r\\n                                            \\u041d\\u0430\\u0448\\u0438 \\u0441\\u043f\\u0435\\u0446\\u0438\\u0430\\u043b\\u0438\\u0441\\u0442\\u044b \\u0441 \\u0443\\u0434\\u043e\\u0432\\u043e\\u043b\\u044c\\u0441\\u0442\\u0432\\u0438\\u0435\\u043c \\u043f\\u043e\\u0434\\u0431\\u0435\\u0440\\u0443\\u0442 \\u0438\\u043d\\u0434\\u0438\\u0432\\u0438\\u0434\\u0443\\u0430\\u043b\\u044c\\u043d\\u044b\\u0439 \\u0438 \\u0438\\u0434\\u0435\\u0430\\u043b\\u044c\\u043d\\u044b\\u0439 \\u0432\\u0430\\u0440\\u0438\\u0430\\u043d\\u0442\\r\\n                                            \\u0434\\u043b\\u044f \\u0434\\u043e\\u0441\\u0442\\u0430\\u0432\\u043a\\u0438 \\u0432\\u0430\\u0448\\u0435\\u0433\\u043e \\u0433\\u0440\\u0443\\u0437\\u0430\\r\\n                                        <\\/p>\\r\\n                                    <\\/div>\\r\\n                                <\\/div>\\r\\n                            <\\/div>\\r\\n                        <\\/div>\\r\\n                        <!-- Icon Box -->\\r\\n                    <\\/div>\\r\\n                <\\/div>\\r\\n            <\\/section>\\r\\n            <!-- What Makes Us Special End -->\\r\\n\\r\\n\\r\\n            <!-- Counter Start -->\\r\\n            <section class=\\\"wide-tb-100 mb-spacer-md\\\">\\r\\n                <div class=\\\"container wide-tb-100 pb-0\\\">\\r\\n                    <div class=\\\"row d-flex align-items-center\\\">\\r\\n                        <!-- Counter Col Start -->\\r\\n                        <div class=\\\"col col-12 col-lg-3 col-sm-6 wow slideInUp\\\" data-wow-duration=\\\"0\\\" data-wow-delay=\\\"0s\\\">\\r\\n                            <div class=\\\"counter-style-1 light-bg\\\">\\r\\n                                <p class=\\\"mb-1\\\"><i class=\\\"icofont-google-map\\\"><\\/i><\\/p>\\r\\n                                <span class=\\\"counter\\\">2<\\/span>\\r\\n                                <div>\\u0424\\u0438\\u043b\\u0438\\u0430\\u043b\\u044b<\\/div>\\r\\n                            <\\/div>\\r\\n                        <\\/div>\\r\\n                        <!-- Counter Col End -->\\r\\n\\r\\n                        <!-- Counter Col Start -->\\r\\n                        <div class=\\\"col col-12 col-lg-3 col-sm-6 wow slideInUp\\\" data-wow-duration=\\\"0\\\" data-wow-delay=\\\"0.3s\\\">\\r\\n                            <div class=\\\"counter-style-1 light-bg\\\">\\r\\n                                <p class=\\\"mb-1\\\"><i class=\\\"icofont-globe\\\"><\\/i><\\/p>\\r\\n                                <span class=\\\"counter\\\">100<\\/span>\\r\\n                                <span>+<\\/span>\\r\\n                                <div>\\u043a\\u043b\\u0438\\u0435\\u043d\\u0442\\u044b \\u043f\\u043e \\u0432\\u0441\\u0435\\u043c\\u0443 \\u043c\\u0438\\u0440\\u0443<\\/div>\\r\\n                            <\\/div>\\r\\n                        <\\/div>\\r\\n                        <!-- Counter Col End -->\\r\\n\\r\\n                        <!-- Spacer For Medium -->\\r\\n                        <div class=\\\"w-100 d-none d-sm-block d-lg-none spacer-60\\\"><\\/div>\\r\\n                        <!-- Spacer For Medium -->\\r\\n\\r\\n                        <!-- Counter Col Start -->\\r\\n                        <div class=\\\"col col-12 col-lg-3 col-sm-6 wow slideInUp\\\" data-wow-duration=\\\"0\\\" data-wow-delay=\\\"0.6s\\\">\\r\\n                            <div class=\\\"counter-style-1 light-bg\\\">\\r\\n                                <p class=\\\"mb-1\\\"><i class=\\\"icofont-vehicle-delivery-van\\\"><\\/i><\\/p>\\r\\n                                <span class=\\\"counter\\\">20<\\/span>\\r\\n                                <span>+<\\/span>\\r\\n                                <div>\\u0421\\u043e\\u0431\\u0441\\u0442\\u0432\\u0435\\u043d\\u043d\\u044b\\u0435 \\u0442\\u0440\\u0430\\u043a\\u0438<\\/div>\\r\\n                            <\\/div>\\r\\n                        <\\/div>\\r\\n                        <!-- Counter Col End -->\\r\\n\\r\\n                        <!-- Counter Col Start -->\\r\\n                        <div class=\\\"col col-12 col-lg-3 col-sm-6 wow slideInUp\\\" data-wow-duration=\\\"0\\\" data-wow-delay=\\\"0.9s\\\">\\r\\n                            <div class=\\\"counter-style-1 light-bg\\\">\\r\\n                                <p class=\\\"mb-1\\\"><i class=\\\"icofont-umbrella-alt\\\"><\\/i><\\/p>\\r\\n                                <span class=\\\"counter\\\">2340<\\/span>\\r\\n                                <div>Tonnes Transported<\\/div>\\r\\n                            <\\/div>\\r\\n                        <\\/div>\\r\\n                        <!-- Counter Col End -->\\r\\n                    <\\/div>\\r\\n                <\\/div>\\r\\n            <\\/section>\\r\\n            <!-- Counter End -->\",\"en\":\"<!-- - What Makes Us Special Start --->\\r\\n            <section class=\\\"bg-light-gray wide-tb-100 pb-5 why-choose\\\">\\r\\n                <div class=\\\"container pos-rel\\\">\\r\\n                    <div class=\\\"row\\\">\\r\\n                        <!-- - Heading Main --->\\r\\n                        <div class=\\\"col-sm-12 wow fadeInDown\\\" data-wow-duration=\\\"0\\\" data-wow-delay=\\\"0s\\\">\\r\\n                            <h1 class=\\\"heading-main\\\">\\r\\n                                <span> Our uniqueness <\\/span> What makes us special?\\r\\n                            <\\/h1>\\r\\n                        <\\/div>\\r\\n                        <!-- - Heading Main --->\\r\\n\\r\\n\\r\\n\\r\\n                        <!-- - Icon Box 2 --->\\r\\n                        <div class=\\\"col-12 col-lg-4 wow fadeInUp\\\" data-wow-duration=\\\"0\\\" data-wow-delay=\\\"0s\\\">\\r\\n                            <div class=\\\"icon-box-2\\\">\\r\\n                                <div class=\\\"media\\\">\\r\\n                                    <div class=\\\"service-icon\\\">\\r\\n                                        <i class=\\\"icofont-id\\\"> <\\/i>\\r\\n                                    <\\/div>\\r\\n                                    <div class=\\\"service-inner-content media-body\\\">\\r\\n                                        <h4 class=\\\"h4-md\\\"> Reliable Services <\\/h4>\\r\\n                                        <p>\\r\\n                                            In the field of logistics services, we have been serving promptly and\\r\\n                                            reliably.\\r\\n                                            We treat all cargoes as our own.\\r\\n                                        <\\/p>\\r\\n                                    <\\/div>\\r\\n                                <\\/div>\\r\\n                            <\\/div>\\r\\n                        <\\/div>\\r\\n                        <!-- - Icon Box --->\\r\\n\\r\\n                        <!-- - Icon Box 2 --->\\r\\n                        <div class=\\\"col-12 col-lg-4 wow fadeInUp\\\" data-wow-duration=\\\"0\\\" data-wow-delay=\\\"0.2s\\\">\\r\\n                            <div class=\\\"icon-box-2\\\">\\r\\n                                <div class=\\\"media\\\">\\r\\n                                    <div class=\\\"service-icon\\\">\\r\\n                                        <i class=\\\"icofont-live-support\\\"> <\\/i>\\r\\n                                    <\\/div>\\r\\n                                    <div class=\\\"service-inner-content media-body\\\">\\r\\n                                        <h4 class=\\\"h4-md\\\"> Customer Support <\\/h4>\\r\\n                                        <p>\\r\\n                                            We understand that in the 21st century everything is accelerating and we need answers to all questions\\r\\n                                            faster than before. Therefore, we serve you 24\\/7.\\r\\n                                        <\\/p>\\r\\n                                    <\\/div>\\r\\n                                <\\/div>\\r\\n                            <\\/div>\\r\\n                        <\\/div>\\r\\n                        <!-- - Icon Box --->\\r\\n\\r\\n                        <!-- - Icon Box 2 --->\\r\\n                        <div class=\\\"col-12 col-lg-4 wow fadeInUp\\\" data-wow-duration=\\\"0\\\" data-wow-delay=\\\"0.4s\\\">\\r\\n                            <div class=\\\"icon-box-2\\\">\\r\\n                                <div class=\\\"media\\\">\\r\\n                                    <div class=\\\"service-icon\\\">\\r\\n                                        <i class=\\\"icofont-history\\\"> <\\/i>\\r\\n                                    <\\/div>\\r\\n                                    <div class=\\\"service-inner-content media-body\\\">\\r\\n                                        <h4 class=\\\"h4-md\\\"> Individual and punctual <\\/h4>\\r\\n                                        <p>\\r\\n                                            <!-- - Our experts will be happy to answer your questions and help you choose the ideal cargo delivery option. --->\\r\\n                                            Our experts will be happy to select an individual and ideal option\\r\\n                                            to deliver your cargo\\r\\n                                        <\\/p>\\r\\n                                    <\\/div>\\r\\n                                <\\/div>\\r\\n                            <\\/div>\\r\\n                        <\\/div>\\r\\n                        <!-- - Icon Box --->\\r\\n                    <\\/div>\\r\\n                <\\/div>\\r\\n            <\\/section>\\r\\n            <!-- - What Makes Us Special End --->\\r\\n\\r\\n<!-- - Counter Start --->\\r\\n            <section class=\\\"wide-tb-100 mb-spacer-md\\\">\\r\\n                <div class=\\\"container wide-tb-100 pb-0\\\">\\r\\n                    <div class=\\\"row d-flex align-items-center\\\">\\r\\n                        <!-- - Counter Col Start --->\\r\\n                        <div class=\\\"col col-12 col-lg-3 col-sm-6 wow slideInUp\\\" data-wow-duration=\\\"0\\\" data-wow-delay=\\\"0s\\\">\\r\\n                            <div class=\\\"counter-style-1 light-bg\\\">\\r\\n                                <p class=\\\"mb-1\\\"> <i class=\\\"icofont-google-map\\\"> <\\/i> <\\/p>\\r\\n                                <span class=\\\"counter\\\"> 2 <\\/span>\\r\\n                                <div> Branches <\\/div>\\r\\n                            <\\/div>\\r\\n                        <\\/div>\\r\\n                        <!-- - Counter Col End --->\\r\\n\\r\\n                        <!-- - Counter Col Start --->\\r\\n                        <div class=\\\"col col-12 col-lg-3 col-sm-6 wow slideInUp\\\" data-wow-duration=\\\"0\\\" data-wow-delay=\\\"0.3s\\\">\\r\\n                            <div class=\\\"counter-style-1 light-bg\\\">\\r\\n                                <p class=\\\"mb-1\\\"> <i class=\\\"icofont-globe\\\"> <\\/i> <\\/p>\\r\\n                                <span class=\\\"counter\\\"> 100 <\\/span>\\r\\n                                <span> + <\\/span>\\r\\n                                <div> clients worldwide <\\/div>\\r\\n                            <\\/div>\\r\\n                        <\\/div>\\r\\n                        <!-- - Counter Col End --->\\r\\n\\r\\n                        <!-- - Spacer For Medium --->\\r\\n                        <div class=\\\"w-100 d-none d-sm-block d-lg-none spacer-60\\\"> <\\/div>\\r\\n                        <!-- - Spacer For Medium --->\\r\\n\\r\\n                        <!-- - Counter Col Start --->\\r\\n                        <div class=\\\"col col-12 col-lg-3 col-sm-6 wow slideInUp\\\" data-wow-duration=\\\"0\\\" data-wow-delay=\\\"0.6s\\\">\\r\\n                            <div class=\\\"counter-style-1 light-bg\\\">\\r\\n                                <p class=\\\"mb-1\\\"> <i class=\\\"icofont-vehicle-delivery-van\\\"> <\\/i> <\\/p>\\r\\n                                <span class=\\\"counter\\\"> 20 <\\/span>\\r\\n                                <span> + <\\/span>\\r\\n                                <div> Own tracks <\\/div>\\r\\n                            <\\/div>\\r\\n                        <\\/div>\\r\\n                        <!-- - Counter Col End --->\\r\\n\\r\\n                        <!-- - Counter Col Start --->\\r\\n                        <div class=\\\"col col-12 col-lg-3 col-sm-6 wow slideInUp\\\" data-wow-duration=\\\"0\\\" data-wow-delay=\\\"0.9s\\\">\\r\\n                            <div class=\\\"counter-style-1 light-bg\\\">\\r\\n                                <p class=\\\"mb-1\\\"> <i class=\\\"icofont-umbrella-alt\\\"> <\\/i> <\\/p>\\r\\n                                <span class=\\\"counter\\\"> 2340 <\\/span>\\r\\n                                <div> Tonnes Transported <\\/div>\\r\\n                            <\\/div>\\r\\n                        <\\/div>\\r\\n                        <!-- - Counter Col End --->\\r\\n                    <\\/div>\\r\\n                <\\/div>\\r\\n            <\\/section>\\r\\n            <!-- - Counter End --->\",\"tu\":\"<!-- - Bize \\u00d6zel Ba\\u015flang\\u0131\\u00e7 \\u200b\\u200bYapan Nedir --->\\r\\n            <b\\u00f6l\\u00fcm s\\u0131n\\u0131f\\u0131=\\\"bg-a\\u00e7\\u0131k gri geni\\u015f-tb-100 pb-5 neden-se\\u00e7im\\\">\\r\\n                <div class=\\\"konteyner pos-rel\\\">\\r\\n                    <div s\\u0131n\\u0131f\\u0131=\\\"sat\\u0131r\\\">\\r\\n                        <!-- - Ana Ba\\u015fl\\u0131k --->\\r\\n                        <div class=\\\"col-sm-12 vay fadeInDown\\\" data-wow-duration=\\\"0\\\" data-wow-delay=\\\"0s\\\">\\r\\n                            <h1 s\\u0131n\\u0131f\\u0131=\\\"ana ba\\u015fl\\u0131k\\\">\\r\\n                                <span> Benzersizli\\u011fimiz <\\/span> Bizi \\u00f6zel yapan nedir?\\r\\n                            <\\/h1>\\r\\n                        <\\/div>\\r\\n                        <!-- - Ana Ba\\u015fl\\u0131k --->\\r\\n\\r\\n\\r\\n\\r\\n                        <!-- - Simge Kutusu 2 --->\\r\\n                        <div class=\\\"col-12 col-lg-4 wow fadeInUp\\\" data-wow-duration=\\\"0\\\" data-wow-delay=\\\"0s\\\">\\r\\n                            <div s\\u0131n\\u0131f\\u0131=\\\"icon-box-2\\\">\\r\\n                                <div s\\u0131n\\u0131f\\u0131=\\\"medya\\\">\\r\\n                                    <div s\\u0131n\\u0131f\\u0131=\\\"hizmet simgesi\\\">\\r\\n                                        <i class=\\\"icofont-id\\\"> <\\/i>\\r\\n                                    <\\/div>\\r\\n                                    <div class=\\\"hizmet-i\\u00e7 i\\u00e7erik medya g\\u00f6vdesi\\\">\\r\\n                                        <h4 class=\\\"h4-md\\\"> G\\u00fcvenilir Hizmetler <\\/h4>\\r\\n                                        <p>\\r\\n                                            Lojistik hizmetler alan\\u0131nda h\\u0131zl\\u0131 ve h\\u0131zl\\u0131 hizmet vermekteyiz.\\r\\n                                            g\\u00fcvenilir bir \\u015fekilde.\\r\\n                                            T\\u00fcm kargolar\\u0131 kendi kargomuz gibi kabul ederiz.\\r\\n                                        <\\/p>\\r\\n                                    <\\/div>\\r\\n                                <\\/div>\\r\\n                            <\\/div>\\r\\n                        <\\/div>\\r\\n                        <!-- - Simge Kutusu --->\\r\\n\\r\\n                        <!-- - Simge Kutusu 2 --->\\r\\n                        <div class=\\\"col-12 col-lg-4 wow fadeInUp\\\" data-wow-duration=\\\"0\\\" data-wow-delay=\\\"0.2s\\\">\\r\\n                            <div s\\u0131n\\u0131f\\u0131=\\\"icon-box-2\\\">\\r\\n                                <div s\\u0131n\\u0131f\\u0131=\\\"medya\\\">\\r\\n                                    <div s\\u0131n\\u0131f\\u0131=\\\"hizmet simgesi\\\">\\r\\n                                        <i class=\\\"icofont-live-support\\\"> <\\/i>\\r\\n                                    <\\/div>\\r\\n                                    <div class=\\\"hizmet-i\\u00e7 i\\u00e7erik medya g\\u00f6vdesi\\\">\\r\\n                                        <h4 class=\\\"h4-md\\\"> M\\u00fc\\u015fteri Deste\\u011fi <\\/h4>\\r\\n                                        <p>\\r\\n                                            21. y\\u00fczy\\u0131lda her \\u015feyin h\\u0131zland\\u0131\\u011f\\u0131n\\u0131 ve t\\u00fcm sorular\\u0131n cevaplar\\u0131na ihtiyac\\u0131m\\u0131z oldu\\u011funu anl\\u0131yoruz.\\r\\n                                            eskisinden daha h\\u0131zl\\u0131. Bu nedenle sizlere 7\\/24 hizmet vermekteyiz.\\r\\n                                        <\\/p>\\r\\n                                    <\\/div>\\r\\n                                <\\/div>\\r\\n                            <\\/div>\\r\\n                        <\\/div>\\r\\n                        <!-- - Simge Kutusu --->\\r\\n\\r\\n                        <!-- - Simge Kutusu 2 --->\\r\\n                        <div class=\\\"col-12 col-lg-4 wow fadeInUp\\\" data-wow-duration=\\\"0\\\" data-wow-delay=\\\"0.4s\\\">\\r\\n                            <div s\\u0131n\\u0131f\\u0131=\\\"icon-box-2\\\">\\r\\n                                <div s\\u0131n\\u0131f\\u0131=\\\"medya\\\">\\r\\n                                    <div s\\u0131n\\u0131f\\u0131=\\\"hizmet simgesi\\\">\\r\\n                                        <i class=\\\"icofont-history\\\"> <\\/i>\\r\\n                                    <\\/div>\\r\\n                                    <div class=\\\"hizmet-i\\u00e7 i\\u00e7erik medya g\\u00f6vdesi\\\">\\r\\n                                        <h4 class=\\\"h4-md\\\"> Bireysel ve dakik <\\/h4>\\r\\n                                        <p>\\r\\n                                            <!-- - Uzmanlar\\u0131m\\u0131z sorular\\u0131n\\u0131z\\u0131 yan\\u0131tlamaktan ve ideal kargo teslimat se\\u00e7ene\\u011fini se\\u00e7menize yard\\u0131mc\\u0131 olmaktan mutluluk duyacakt\\u0131r. --->\\r\\n                                            Uzmanlar\\u0131m\\u0131z bireysel ve ideal bir se\\u00e7enek se\\u00e7mekten mutluluk duyacakt\\u0131r.\\r\\n                                            kargonuzu teslim etmek i\\u00e7in\\r\\n                                        <\\/p>\\r\\n                                    <\\/div>\\r\\n                                <\\/div>\\r\\n                            <\\/div>\\r\\n                        <\\/div>\\r\\n                        <!-- - Simge Kutusu --->\\r\\n                    <\\/div>\\r\\n                <\\/div>\\r\\n            <\\/b\\u00f6l\\u00fcm>\\r\\n            <!-- - Bizi \\u00d6zel Son Yapan Nedir --->\"}', '{\"ru\":\"<!-- Heading Main -->\\r\\n                                <h1 class=\\\"heading-main text-left mb-4\\\">\\r\\n                                    <span>\\u041f\\u043e\\u0447\\u0435\\u043c\\u0443 \\u0432\\u044b\\u0431\\u0438\\u0440\\u0430\\u044e\\u0442<\\/span> EOSTS\\r\\n                                <\\/h1>\\r\\n                                <!-- Heading Main -->\\r\\n\\r\\n                                <!-- Tracking Form -->\\r\\n                                <ul class=\\\"list-unstyled icons-listing theme-orange w-half mb-0\\\" itemscope=\\\"\\\" itemtype=\\\"https:\\/\\/schema.org\\/ItemList\\\">\\r\\n                                    <li class=\\\"wow fadeInUp\\\" data-wow-duration=\\\"0\\\" data-wow-delay=\\\"0s\\\" itemprop=\\\"itemListElement\\\" itemscope=\\\"\\\" itemtype=\\\"https:\\/\\/schema.org\\/ListItem\\\">\\r\\n                                        <i class=\\\"icofont-check\\\"><\\/i> \\u041e\\u0442\\u0432\\u0435\\u0442\\u0441\\u0442\\u0432\\u0435\\u043d\\u043d\\u043e\\u0435 \\u043e\\u0431\\u0441\\u043b\\u0443\\u0436\\u0438\\u0432\\u0430\\u043d\\u0438\\u044f \\u043a\\u043b\\u0438\\u0435\\u043d\\u0442\\u043e\\u0432\\r\\n                                    <\\/li>\\r\\n                                    <li class=\\\"wow fadeInUp\\\" data-wow-duration=\\\"0\\\" data-wow-delay=\\\"0.2s\\\" itemprop=\\\"itemListElement\\\" itemscope=\\\"\\\" itemtype=\\\"https:\\/\\/schema.org\\/ListItem\\\">\\r\\n                                        <i class=\\\"icofont-check\\\"><\\/i>\\u0411\\u044b\\u0441\\u0442\\u0440\\u0430\\u044f \\u0434\\u043e\\u0441\\u0442\\u0430\\u0432\\u043a\\u0430\\r\\n                                    <\\/li>\\r\\n                                    <li class=\\\"wow fadeInUp\\\" data-wow-duration=\\\"0\\\" data-wow-delay=\\\"0.1s\\\" itemprop=\\\"itemListElement\\\" itemscope=\\\"\\\" itemtype=\\\"https:\\/\\/schema.org\\/ListItem\\\">\\r\\n                                        <i class=\\\"icofont-check\\\"><\\/i>\\u041f\\u043e\\u0441\\u0442\\u043e\\u044f\\u043d\\u043d\\u043e\\u0435 \\u0441\\u043e\\u0432\\u0435\\u0440\\u0448\\u0435\\u043d\\u0441\\u0442\\u0432\\u043e\\u0432\\u0430\\u043d\\u0438\\u0435 \\u0438 \\u0440\\u0430\\u0441\\u0448\\u0438\\u0440\\u0435\\u043d\\u0438\\u0435\\r\\n                                    <\\/li>\\r\\n                                    <li class=\\\"wow fadeInUp\\\" data-wow-duration=\\\"0\\\" data-wow-delay=\\\"0.3s\\\" itemprop=\\\"itemListElement\\\" itemscope=\\\"\\\" itemtype=\\\"https:\\/\\/schema.org\\/ListItem\\\">\\r\\n                                        <i class=\\\"icofont-check\\\"><\\/i>\\u0421\\u043b\\u0443\\u0436\\u0431\\u0430 \\u043e\\u0444\\u043e\\u0440\\u043c\\u043b\\u0435\\u043d\\u0438\\u044f \\u0438 \\u0441\\u043e\\u043e\\u0442\\u0432\\u0435\\u0442\\u0441\\u0442\\u0432\\u0438\\u044f\\r\\n                                    <\\/li>\\r\\n                                    <li class=\\\"wow fadeInUp\\\" data-wow-duration=\\\"0\\\" data-wow-delay=\\\"0.2s\\\" itemprop=\\\"itemListElement\\\" itemscope=\\\"\\\" itemtype=\\\"https:\\/\\/schema.org\\/ListItem\\\">\\r\\n                                        <i class=\\\"icofont-check\\\"><\\/i>\\u041a\\u043e\\u043c\\u0430\\u043d\\u0434\\u0430 \\u043f\\u0440\\u043e\\u0444\\u0435\\u0441\\u0441\\u0438\\u043e\\u043d\\u0430\\u043b\\u043e\\u0432\\r\\n                                        \\r\\n                                    <\\/li><li class=\\\"wow fadeInUp\\\" data-wow-duration=\\\"0\\\" data-wow-delay=\\\"0.2s\\\" itemprop=\\\"itemListElement\\\" itemscope=\\\"\\\" itemtype=\\\"https:\\/\\/schema.org\\/ListItem\\\">\\r\\n                                        <i class=\\\"icofont-check\\\"><\\/i>\\u0413\\u0440\\u0443\\u0437\\u043e\\u0432\\u044b\\u0435 \\u0442\\u0440\\u0430\\u043d\\u0441\\u043f\\u043e\\u0440\\u0442\\u044b \\u0441 \\u0445\\u043e\\u043b\\u043e\\u0434\\u0438\\u043b\\u044c\\u043d\\u0438\\u043a\\u0430\\u043c\\u0438\\r\\n                                        \\r\\n                                    <\\/li><li class=\\\"wow fadeInUp\\\" data-wow-duration=\\\"0\\\" data-wow-delay=\\\"0.2s\\\" itemprop=\\\"itemListElement\\\" itemscope=\\\"\\\" itemtype=\\\"https:\\/\\/schema.org\\/ListItem\\\">\\r\\n                                        <i class=\\\"icofont-check\\\"><\\/i>\\u0421\\u0442\\u0440\\u0430\\u0445\\u043e\\u0432\\u0430\\u043d\\u0438\\u0435\\r\\n                                        \\r\\n                                    <\\/li><li class=\\\"wow fadeInUp\\\" data-wow-duration=\\\"0\\\" data-wow-delay=\\\"0.2s\\\" itemprop=\\\"itemListElement\\\" itemscope=\\\"\\\" itemtype=\\\"https:\\/\\/schema.org\\/ListItem\\\">\\r\\n                                        <i class=\\\"icofont-check\\\"><\\/i>\\u0414\\u043e\\u0441\\u0442\\u0430\\u0432\\u0438\\u043c \\u0432\\u0430\\u0448 \\u0442\\u043e\\u0432\\u0430\\u0440 \\u0431\\u044b\\u0441\\u0442\\u0440\\u043e \\u0438 \\u043a\\u0430\\u0447\\u0435\\u0441\\u0442\\u0432\\u0435\\u043d\\u043d\\u043e\\r\\n                                        \\r\\n                                <\\/li><\\/ul>\\r\\n                                <!-- Tracking Form -->\",\"en\":\"<!-- - Heading Main --->\\r\\n                                <h1 class=\\\"heading-main text-left mb-4\\\">\\r\\n                                    <span> Why choose <\\/span> EOSTS\\r\\n                                <\\/h1>\\r\\n                                <!-- - Heading Main --->\\r\\n\\r\\n                                <!-- - Tracking Form --->\\r\\n                                <ul class=\\\"list-unstyled icons-listing theme-orange w-half mb-0\\\" itemscope=\\\"\\\" itemtype=\\\"https:\\/\\/schema.org\\/ItemList\\\">\\r\\n                                    <li class=\\\"wow fadeInUp\\\" data-wow-duration=\\\"0\\\" data-wow-delay=\\\"0s\\\" itemprop=\\\"itemListElement\\\" itemscope=\\\"\\\" itemtype=\\\"https:\\/\\/schema.org\\/ListItem\\\">\\r\\n                                        <i class=\\\"icofont-check\\\"> <\\/i> Responsible customer service\\r\\n                                    <\\/li>\\r\\n                                    <li class=\\\"wow fadeInUp\\\" data-wow-duration=\\\"0\\\" data-wow-delay=\\\"0.2s\\\" itemprop=\\\"itemListElement\\\" itemscope=\\\"\\\" itemtype=\\\"https:\\/\\/schema.org\\/ListItem\\\">\\r\\n                                        <i class=\\\"icofont-check\\\"> <\\/i> Fast delivery\\r\\n                                    <\\/li>\\r\\n                                    <li class=\\\"wow fadeInUp\\\" data-wow-duration=\\\"0\\\" data-wow-delay=\\\"0.1s\\\" itemprop=\\\"itemListElement\\\" itemscope=\\\"\\\" itemtype=\\\"https:\\/\\/schema.org\\/ListItem\\\">\\r\\n                                        <i class=\\\"icofont-check\\\"> <\\/i> Continuous improvement and expansion\\r\\n                                    <\\/li>\\r\\n                                    <li class=\\\"wow fadeInUp\\\" data-wow-duration=\\\"0\\\" data-wow-delay=\\\"0.3s\\\" itemprop=\\\"itemListElement\\\" itemscope=\\\"\\\" itemtype=\\\"https:\\/\\/schema.org\\/ListItem\\\">\\r\\n                                        <i class=\\\"icofont-check\\\"> <\\/i> Registration and Compliance Service\\r\\n                                    <\\/li>\\r\\n                                    <li class=\\\"wow fadeInUp\\\" data-wow-duration=\\\"0\\\" data-wow-delay=\\\"0.2s\\\" itemprop=\\\"itemListElement\\\" itemscope=\\\"\\\" itemtype=\\\"https:\\/\\/schema.org\\/ListItem\\\">\\r\\n                                        <i class=\\\"icofont-check\\\"> <\\/i> A team of professionals\\r\\n                                        \\r\\n                                    <\\/li><li class=\\\"wow fadeInUp\\\" data-wow-duration=\\\"0\\\" data-wow-delay=\\\"0.2s\\\" itemprop=\\\"itemListElement\\\" itemscope=\\\"\\\" itemtype=\\\"https:\\/\\/schema.org\\/ListItem\\\">\\r\\n                                        <i class=\\\"icofont-check\\\"> <\\/i> Freight transports with refrigerators\\r\\n                                        \\r\\n                                    <\\/li><li class=\\\"wow fadeInUp\\\" data-wow-duration=\\\"0\\\" data-wow-delay=\\\"0.2s\\\" itemprop=\\\"itemListElement\\\" itemscope=\\\"\\\" itemtype=\\\"https:\\/\\/schema.org\\/ListItem\\\">\\r\\n                                        <i class=\\\"icofont-check\\\"> <\\/i> Insurance\\r\\n                                        \\r\\n                                    <\\/li><li class=\\\"wow fadeInUp\\\" data-wow-duration=\\\"0\\\" data-wow-delay=\\\"0.2s\\\" itemprop=\\\"itemListElement\\\" itemscope=\\\"\\\" itemtype=\\\"https:\\/\\/schema.org\\/ListItem\\\">\\r\\n                                        <i class=\\\"icofont-check\\\"> <\\/i> We will deliver your goods quickly and efficiently\\r\\n                                        \\r\\n                                <\\/li><\\/ul>\\r\\n                                <!-- - Tracking Form --->\",\"tu\":\"<!-- - Ana Ba\\u015fl\\u0131k --->\\r\\n                                <h1 class=\\\"ba\\u015fl\\u0131k-ana metin-sol mb-4\\\">\\r\\n                                    <span> Neden <\\/span> EOSTS\'i se\\u00e7melisiniz?\\r\\n                                <\\/h1>\\r\\n                                <!-- - Ana Ba\\u015fl\\u0131k --->\\r\\n\\r\\n                                <!-- - Takip Formu --->\\r\\n                                <ul class=\\\"stilsiz simgeleri listeleme temas\\u0131-turuncu w-yar\\u0131m mb-0\\\" itemscope=\\\"\\\" itemtype=\\\"https:\\/\\/schema.org\\/ItemList\\\">\\r\\n                                    <li class=\\\"wow fadeInUp\\\" data-wow-duration=\\\"0\\\" data-wow-delay=\\\"0s\\\" itemprop=\\\"itemListElement\\\" itemscope=\\\"\\\" itemtype=\\\"https:\\/\\/schema.org\\/ListItem\\\">\\r\\n                                        <i class=\\\"icofont-check\\\"> <\\/i> Sorumlu m\\u00fc\\u015fteri hizmetleri\\r\\n                                    <\\/li>\\r\\n                                    <li class=\\\"wow fadeInUp\\\" data-wow-duration=\\\"0\\\" data-wow-delay=\\\"0.2sn\\\" itemprop=\\\"itemListElement\\\" itemscope=\\\"\\\" itemtype=\\\"https:\\/\\/schema.org\\/ListItem\\\">\\r\\n                                        <i class=\\\"icofont-check\\\"> <\\/i> H\\u0131zl\\u0131 teslimat\\r\\n                                    <\\/li>\\r\\n                                    <li class=\\\"wow fadeInUp\\\" data-wow-duration=\\\"0\\\" data-wow-delay=\\\"0,1sn\\\" itemprop=\\\"itemListElement\\\" itemscope=\\\"\\\" itemtype=\\\"https:\\/\\/schema.org\\/ListItem\\\">\\r\\n                                        <i class=\\\"icofont-check\\\"> <\\/i> S\\u00fcrekli iyile\\u015ftirme ve geni\\u015fletme\\r\\n                                    <\\/li>\\r\\n                                    <li class=\\\"wow fadeInUp\\\" data-wow-duration=\\\"0\\\" data-wow-delay=\\\"0.3s\\\" itemprop=\\\"itemListElement\\\" itemscope=\\\"\\\" itemtype=\\\"https:\\/\\/schema.org\\/ListItem\\\">\\r\\n                                        <i class=\\\"icofont-check\\\"> <\\/i> Kay\\u0131t ve Uyumluluk Hizmeti\\r\\n                                    <\\/li>\\r\\n                                    <li class=\\\"wow fadeInUp\\\" data-wow-duration=\\\"0\\\" data-wow-delay=\\\"0.2sn\\\" itemprop=\\\"itemListElement\\\" itemscope=\\\"\\\" itemtype=\\\"https:\\/\\/schema.org\\/ListItem\\\">\\r\\n                                        <i class=\\\"icofont-check\\\"> <\\/i> Profesyonellerden olu\\u015fan bir ekip\\r\\n                                        \\r\\n                                    <\\/li><li class=\\\"wow fadeInUp\\\" data-wow-duration=\\\"0\\\" data-wow-delay=\\\"0.2sn\\\" itemprop=\\\"itemListElement\\\" itemscope=\\\"\\\" itemtype=\\\"https:\\/\\/schema.org\\/ListItem\\\">\\r\\n                                        <i class=\\\"icofont-check\\\"> <\\/i> Buzdolab\\u0131 ile y\\u00fck ta\\u015f\\u0131mac\\u0131l\\u0131\\u011f\\u0131\\r\\n                                        \\r\\n                                    <\\/li><li class=\\\"wow fadeInUp\\\" data-wow-duration=\\\"0\\\" data-wow-delay=\\\"0.2sn\\\" itemprop=\\\"itemListElement\\\" itemscope=\\\"\\\" itemtype=\\\"https:\\/\\/schema.org\\/ListItem\\\">\\r\\n                                        <i class=\\\"icofont-check\\\"> <\\/i> Sigorta\\r\\n                                        \\r\\n                                    <\\/li><li class=\\\"wow fadeInUp\\\" data-wow-duration=\\\"0\\\" data-wow-delay=\\\"0.2sn\\\" itemprop=\\\"itemListElement\\\" itemscope=\\\"\\\" itemtype=\\\"https:\\/\\/schema.org\\/ListItem\\\">\\r\\n                                        <i class=\\\"icofont-check\\\"> <\\/i> Mallar\\u0131n\\u0131z\\u0131 h\\u0131zl\\u0131 ve verimli bir \\u015fekilde teslim edece\\u011fiz\\r\\n                                        \\r\\n                                <\\/li><\\/ul>\\r\\n                                <!-- - Takip Formu --->\"}', '{\"ru\":\"<!-- Heading Main -->\\r\\n                        <div class=\\\"col-sm-12\\\">   \\r\\n                           <h1 class=\\\"heading-main\\\">\\r\\n                                <span>\\u0427\\u0430\\u0441\\u0442\\u043e \\u0437\\u0430\\u0434\\u0430\\u0432\\u0430\\u0435\\u043c\\u044b\\u0435 <\\/span> \\u0432\\u043e\\u043f\\u0440\\u043e\\u0441\\u044b\\r\\n                            <\\/h1>\\r\\n                        <\\/div>\\r\\n                        <!-- Heading Main -->\\r\\n\\r\\n                        <!-- Questions -->\\r\\n                        <div class=\\\"col-sm-12 col-md-6 wow fadeInUp\\\" data-wow-duration=\\\"0\\\" data-wow-delay=\\\"0s\\\">\\r\\n                            <h4 class=\\\"h4-md mb-3\\\">\\r\\n                                Lobortis sit magna ornare magna egestas?\\r\\n                            <\\/h4>\\r\\n                            <p>\\r\\n                                Etiam sit amet mauris suscipit sit amet in odio. Integer congue leo metus. Vitae arcu\\r\\n                                mollis blandit ultrice ligula egestas magna suscipit lectus magna suscipit luctus undo\\r\\n                                blandit vitae purus laoreet\\r\\n                            <\\/p>\\r\\n                        <\\/div>\\r\\n                        <!-- Questions -->\\r\\n\\r\\n                        <!-- Questions -->\\r\\n                        <div class=\\\"col-sm-12 col-md-6 wow fadeInUp\\\" data-wow-duration=\\\"0\\\" data-wow-delay=\\\"0.2s\\\">\\r\\n                            <h4 class=\\\"h4-md mb-3\\\">Aliquam dapibus pretium ornare?<\\/h4>\\r\\n                            <p>\\r\\n                                Feugiat eros ligula massa lipsum primis in orci luctus et ultrices posuere cubilia curae\\r\\n                                congue lorem. ante ipsum primis in faucibus bibendum sit amet in odio\\r\\n                            <\\/p>\\r\\n                        <\\/div>\\r\\n                        <!-- Questions -->\\r\\n\\r\\n                        <!-- Questions -->\\r\\n                        <div class=\\\"col-sm-12 col-md-6 wow fadeInUp\\\" data-wow-duration=\\\"0\\\" data-wow-delay=\\\"0.4s\\\">\\r\\n                            <h4 class=\\\"h4-md mb-3\\\">Placeat axime facere omnis volute?<\\/h4>\\r\\n                            <p>\\r\\n                                Etiam sit amet mauris suscipit sit amet in odio. Integer congue leo metus. Vitae arcu\\r\\n                                mollis blandit ultrice ligula egestas magna suscipit lectus magna suscipit luctus undo\\r\\n                                blandit vitae purus laoreet\\r\\n                            <\\/p>\\r\\n                        <\\/div>\\r\\n                        <!-- Questions -->\\r\\n\\r\\n                        <!-- Questions -->\\r\\n                        <div class=\\\"col-sm-12 col-md-6 wow fadeInUp\\\" data-wow-duration=\\\"0\\\" data-wow-delay=\\\"0.6s\\\">\\r\\n                            <h4 class=\\\"h4-md mb-3\\\">Dapibus lobortis pretium ornare?<\\/h4>\\r\\n                            <p>\\r\\n                                Feugiat eros ligula massa lipsum primis in orci luctus et ultrices posuere cubilia curae\\r\\n                                congue lorem. ante ipsum primis in faucibus bibendum sit amet in odio\\r\\n                            <\\/p>\\r\\n                        <\\/div>\\r\\n                        <!-- Questions -->\\r\\n\\r\\n                        <!-- Questions -->\\r\\n                        <div class=\\\"col-sm-12 col-md-6 wow fadeInUp\\\" data-wow-duration=\\\"0\\\" data-wow-delay=\\\"0.8s\\\">\\r\\n                            <h4 class=\\\"h4-md mb-3\\\">An interdum lobortis pretium ornare?<\\/h4>\\r\\n                            <p>\\r\\n                                Etiam sit amet mauris suscipit sit amet in odio. Integer congue leo metus. Vitae arcu\\r\\n                                mollis blandit ultrice ligula egestas magna suscipit lectus magna suscipit luctus undo\\r\\n                                blandit vitae purus laoreet\\r\\n                            <\\/p>\\r\\n                        <\\/div>\\r\\n                        <!-- Questions -->\\r\\n\\r\\n                        <!-- Questions -->\\r\\n                        <div class=\\\"col-sm-12 col-md-6 wow fadeInUp\\\" data-wow-duration=\\\"0\\\" data-wow-delay=\\\"0.9s\\\">\\r\\n                            <h4 class=\\\"h4-md mb-3\\\">Interdum lobortis pretium ornare?<\\/h4>\\r\\n                            <p>\\r\\n                                Feugiat eros ligula massa lipsum primis in orci luctus et ultrices posuere cubilia curae\\r\\n                                congue lorem. ante ipsum primis in faucibus bibendum sit amet in odio\\r\\n                            <\\/p>\\r\\n                        <\\/div>\\r\\n                        <!-- Questions -->\",\"en\":\"<!-- Heading Main -->\\r\\n                        <div class=\\\"col-sm-12\\\">   \\r\\n                           <h1 class=\\\"heading-main\\\">\\r\\n                                <span> Frequently Asked <\\/span> Questions\\r\\n                            <\\/h1>\\r\\n                        <\\/div>\\r\\n                        <!-- Heading Main -->\\r\\n\\r\\n                        <!-- Questions -->\\r\\n                        <div class=\\\"col-sm-12 col-md-6 wow fadeInUp\\\" data-wow-duration=\\\"0\\\" data-wow-delay=\\\"0s\\\">\\r\\n                            <h4 class=\\\"h4-md mb-3\\\">\\r\\n                                Lobortis sit magna ornare magna egestas?\\r\\n                            <\\/h4>\\r\\n                            <p>\\r\\n                                Etiam sit amet mauris suscipit sit amet in odio. Integer congue leo metus. Vitae arcu\\r\\n                                mollis blandit ultrice ligula egestas magna suscipit lectus magna suscipit luctus undo\\r\\n                                blandit vitae purus laoreet\\r\\n                            <\\/p>\\r\\n                        <\\/div>\\r\\n                        <!-- Questions -->\\r\\n\\r\\n                        <!-- Questions -->\\r\\n                        <div class=\\\"col-sm-12 col-md-6 wow fadeInUp\\\" data-wow-duration=\\\"0\\\" data-wow-delay=\\\"0.2s\\\">\\r\\n                            <h4 class=\\\"h4-md mb-3\\\">Aliquam dapibus pretium ornare?<\\/h4>\\r\\n                            <p>\\r\\n                                Feugiat eros ligula massa lipsum primis in orci luctus et ultrices posuere cubilia curae\\r\\n                                congue lorem. ante ipsum primis in faucibus bibendum sit amet in odio\\r\\n                            <\\/p>\\r\\n                        <\\/div>\\r\\n                        <!-- Questions -->\\r\\n\\r\\n                        <!-- Questions -->\\r\\n                        <div class=\\\"col-sm-12 col-md-6 wow fadeInUp\\\" data-wow-duration=\\\"0\\\" data-wow-delay=\\\"0.4s\\\">\\r\\n                            <h4 class=\\\"h4-md mb-3\\\">Placeat axime facere omnis volute?<\\/h4>\\r\\n                            <p>\\r\\n                                Etiam sit amet mauris suscipit sit amet in odio. Integer congue leo metus. Vitae arcu\\r\\n                                mollis blandit ultrice ligula egestas magna suscipit lectus magna suscipit luctus undo\\r\\n                                blandit vitae purus laoreet\\r\\n                            <\\/p>\\r\\n                        <\\/div>\\r\\n                        <!-- Questions -->\\r\\n\\r\\n                        <!-- Questions -->\\r\\n                        <div class=\\\"col-sm-12 col-md-6 wow fadeInUp\\\" data-wow-duration=\\\"0\\\" data-wow-delay=\\\"0.6s\\\">\\r\\n                            <h4 class=\\\"h4-md mb-3\\\">Dapibus lobortis pretium ornare?<\\/h4>\\r\\n                            <p>\\r\\n                                Feugiat eros ligula massa lipsum primis in orci luctus et ultrices posuere cubilia curae\\r\\n                                congue lorem. ante ipsum primis in faucibus bibendum sit amet in odio\\r\\n                            <\\/p>\\r\\n                        <\\/div>\\r\\n                        <!-- Questions -->\\r\\n\\r\\n                        <!-- Questions -->\\r\\n                        <div class=\\\"col-sm-12 col-md-6 wow fadeInUp\\\" data-wow-duration=\\\"0\\\" data-wow-delay=\\\"0.8s\\\">\\r\\n                            <h4 class=\\\"h4-md mb-3\\\">An interdum lobortis pretium ornare?<\\/h4>\\r\\n                            <p>\\r\\n                                Etiam sit amet mauris suscipit sit amet in odio. Integer congue leo metus. Vitae arcu\\r\\n                                mollis blandit ultrice ligula egestas magna suscipit lectus magna suscipit luctus undo\\r\\n                                blandit vitae purus laoreet\\r\\n                            <\\/p>\\r\\n                        <\\/div>\\r\\n                        <!-- Questions -->\\r\\n\\r\\n                        <!-- Questions -->\\r\\n                        <div class=\\\"col-sm-12 col-md-6 wow fadeInUp\\\" data-wow-duration=\\\"0\\\" data-wow-delay=\\\"0.9s\\\">\\r\\n                            <h4 class=\\\"h4-md mb-3\\\">Interdum lobortis pretium ornare?<\\/h4>\\r\\n                            <p>\\r\\n                                Feugiat eros ligula massa lipsum primis in orci luctus et ultrices posuere cubilia curae\\r\\n                                congue lorem. ante ipsum primis in faucibus bibendum sit amet in odio\\r\\n                            <\\/p>\\r\\n                        <\\/div>\\r\\n                        <!-- Questions -->\",\"tu\":\"<!-- Heading Main -->\\r\\n                        <div class=\\\"col-sm-12\\\">   \\r\\n                           <h1 class=\\\"heading-main\\\">\\r\\n                                <span> S\\u0131k Sorulan <\\/span> Sorular\\r\\n                            <\\/h1>\\r\\n                        <\\/div>\\r\\n                        <!-- Heading Main -->\\r\\n\\r\\n                        <!-- Questions -->\\r\\n                        <div class=\\\"col-sm-12 col-md-6 wow fadeInUp\\\" data-wow-duration=\\\"0\\\" data-wow-delay=\\\"0s\\\">\\r\\n                            <h4 class=\\\"h4-md mb-3\\\">\\r\\n                                Lobortis sit magna ornare magna egestas?\\r\\n                            <\\/h4>\\r\\n                            <p>\\r\\n                                Etiam sit amet mauris suscipit sit amet in odio. Integer congue leo metus. Vitae arcu\\r\\n                                mollis blandit ultrice ligula egestas magna suscipit lectus magna suscipit luctus undo\\r\\n                                blandit vitae purus laoreet\\r\\n                            <\\/p>\\r\\n                        <\\/div>\\r\\n                        <!-- Questions -->\\r\\n\\r\\n                        <!-- Questions -->\\r\\n                        <div class=\\\"col-sm-12 col-md-6 wow fadeInUp\\\" data-wow-duration=\\\"0\\\" data-wow-delay=\\\"0.2s\\\">\\r\\n                            <h4 class=\\\"h4-md mb-3\\\">Aliquam dapibus pretium ornare?<\\/h4>\\r\\n                            <p>\\r\\n                                Feugiat eros ligula massa lipsum primis in orci luctus et ultrices posuere cubilia curae\\r\\n                                congue lorem. ante ipsum primis in faucibus bibendum sit amet in odio\\r\\n                            <\\/p>\\r\\n                        <\\/div>\\r\\n                        <!-- Questions -->\\r\\n\\r\\n                        <!-- Questions -->\\r\\n                        <div class=\\\"col-sm-12 col-md-6 wow fadeInUp\\\" data-wow-duration=\\\"0\\\" data-wow-delay=\\\"0.4s\\\">\\r\\n                            <h4 class=\\\"h4-md mb-3\\\">Placeat axime facere omnis volute?<\\/h4>\\r\\n                            <p>\\r\\n                                Etiam sit amet mauris suscipit sit amet in odio. Integer congue leo metus. Vitae arcu\\r\\n                                mollis blandit ultrice ligula egestas magna suscipit lectus magna suscipit luctus undo\\r\\n                                blandit vitae purus laoreet\\r\\n                            <\\/p>\\r\\n                        <\\/div>\\r\\n                        <!-- Questions -->\\r\\n\\r\\n                        <!-- Questions -->\\r\\n                        <div class=\\\"col-sm-12 col-md-6 wow fadeInUp\\\" data-wow-duration=\\\"0\\\" data-wow-delay=\\\"0.6s\\\">\\r\\n                            <h4 class=\\\"h4-md mb-3\\\">Dapibus lobortis pretium ornare?<\\/h4>\\r\\n                            <p>\\r\\n                                Feugiat eros ligula massa lipsum primis in orci luctus et ultrices posuere cubilia curae\\r\\n                                congue lorem. ante ipsum primis in faucibus bibendum sit amet in odio\\r\\n                            <\\/p>\\r\\n                        <\\/div>\\r\\n                        <!-- Questions -->\\r\\n\\r\\n                        <!-- Questions -->\\r\\n                        <div class=\\\"col-sm-12 col-md-6 wow fadeInUp\\\" data-wow-duration=\\\"0\\\" data-wow-delay=\\\"0.8s\\\">\\r\\n                            <h4 class=\\\"h4-md mb-3\\\">An interdum lobortis pretium ornare?<\\/h4>\\r\\n                            <p>\\r\\n                                Etiam sit amet mauris suscipit sit amet in odio. Integer congue leo metus. Vitae arcu\\r\\n                                mollis blandit ultrice ligula egestas magna suscipit lectus magna suscipit luctus undo\\r\\n                                blandit vitae purus laoreet\\r\\n                            <\\/p>\\r\\n                        <\\/div>\\r\\n                        <!-- Questions -->\\r\\n\\r\\n                        <!-- Questions -->\\r\\n                        <div class=\\\"col-sm-12 col-md-6 wow fadeInUp\\\" data-wow-duration=\\\"0\\\" data-wow-delay=\\\"0.9s\\\">\\r\\n                            <h4 class=\\\"h4-md mb-3\\\">Interdum lobortis pretium ornare?<\\/h4>\\r\\n                            <p>\\r\\n                                Feugiat eros ligula massa lipsum primis in orci luctus et ultrices posuere cubilia curae\\r\\n                                congue lorem. ante ipsum primis in faucibus bibendum sit amet in odio\\r\\n                            <\\/p>\\r\\n                        <\\/div>\\r\\n                        <!-- Questions -->\"}', NULL, '2021-11-14 09:38:03');

-- --------------------------------------------------------

--
-- Структура таблицы `sliders`
--

CREATE TABLE `sliders` (
  `id` bigint(20) UNSIGNED NOT NULL,
  `name` text COLLATE utf8mb4_unicode_ci DEFAULT NULL,
  `img` text COLLATE utf8mb4_unicode_ci DEFAULT NULL,
  `created_at` timestamp NULL DEFAULT NULL,
  `updated_at` timestamp NULL DEFAULT NULL
) ENGINE=InnoDB DEFAULT CHARSET=utf8mb4 COLLATE=utf8mb4_unicode_ci;

--
-- Дамп данных таблицы `sliders`
--

INSERT INTO `sliders` (`id`, `name`, `img`, `created_at`, `updated_at`) VALUES
(1, '{\"name\":{\"ru\":\"\\u0417\\u0430\\u0441\\u0442\\u0440\\u0430\\u0445\\u043e\\u0432\\u0430\\u0442\\u044c \\u0442\\u0435\\u043f\\u0435\\u0440\\u044c \\u043d\\u0435\\u0441\\u043b\\u043e\\u0436\\u043d\\u043e\",\"en\":\"It\'s easy to insure now\",\"tu\":\"Sigortalamak art\\u0131k \\u00e7ok kolay\"},\"title\":{\"ru\":null,\"en\":null,\"tu\":null},\"description\":{\"ru\":\"\\u0412\\u0430\\u043c \\u043d\\u0435 \\u043d\\u0443\\u0436\\u043d\\u043e \\u0431\\u0435\\u0441\\u043f\\u043e\\u043a\\u043e\\u0438\\u0442\\u044c\\u0441\\u044f \\u043e \\u0441\\u0442\\u0440\\u0430\\u0445\\u043e\\u0432\\u0430\\u043d\\u0438\\u0438 \\u0433\\u0440\\u0443\\u0437\\u0430, \\u043c\\u044b \\u043f\\u043e\\u043c\\u043e\\u0436\\u0435\\u043c \\u0432\\u0430\\u043c \\u0432 \\u044d\\u0442\\u043e\\u043c.\",\"en\":\"You do not need to worry about cargo insurance, we will help you with this.\",\"tu\":\"Kargo sigortas\\u0131 i\\u00e7in endi\\u015felenmenize gerek yok, bu konuda size yard\\u0131mc\\u0131 olaca\\u011f\\u0131z.\"}}', '{\"max\":\"max_myiov3qiftai2zsiqmam.jpg\",\"min\":\"min_myiov3qiftai2zsiqmam.jpg\"}', '2021-11-13 21:26:54', '2021-11-13 21:26:54'),
(2, '{\"name\":{\"ru\":\"\\u041c\\u044b \\u0433\\u043e\\u0442\\u043e\\u0432\\u044b\",\"en\":\"We are ready\",\"tu\":\"Haz\\u0131r\\u0131z\"},\"title\":{\"ru\":\"\\u043f\\u0440\\u0435\\u043e\\u0434\\u043e\\u043b\\u0435\\u0432\\u0430\\u0442\\u044c \\u043f\\u0440\\u0435\\u043f\\u044f\\u0442\\u0441\\u0442\\u0432\\u0438\\u044f\",\"en\":\"overcome obstacles\",\"tu\":\"engelleri a\\u015fmak\"},\"description\":{\"ru\":\"\\u041d\\u0430\\u0448\\u0430 \\u043a\\u043e\\u043c\\u0430\\u043d\\u0434\\u0430 \\u0432\\u0441\\u0435\\u0433\\u0434\\u0430 \\u0433\\u043e\\u0442\\u043e\\u0432\\u0430 \\u0440\\u0435\\u0448\\u0438\\u0442\\u044c \\u043f\\u0440\\u043e\\u0431\\u043b\\u0435\\u043c\\u044b \\u043f\\u0440\\u0438 \\u0440\\u0430\\u0431\\u043e\\u0442\\u0435 \\u0441 \\u043a\\u043b\\u0438\\u0435\\u043d\\u0442\\u0430\\u043c\\u0438.\",\"en\":\"Our team is always ready to solve problems when working with clients.\",\"tu\":\"Ekibimiz, m\\u00fc\\u015fterilerle \\u00e7al\\u0131\\u015f\\u0131rken sorunlar\\u0131 \\u00e7\\u00f6zmeye her zaman haz\\u0131rd\\u0131r.\"}}', '{\"max\":\"max_5pbmdlz9wgkou2p59tzs.jpg\",\"min\":\"min_5pbmdlz9wgkou2p59tzs.jpg\"}', '2021-11-13 21:22:59', '2021-11-13 21:22:59'),
(3, '{\"name\":{\"ru\":\"\\u041c\\u044b EOSTS\",\"en\":\"We are EOSTS\",\"tu\":\"Biz EOSTS\'uz\"},\"title\":{\"ru\":\"\\u041e\\u0442 \\u0442\\u043e\\u0447\\u043a\\u0438 \\u0432\\u044b\\u0432\\u043e\\u0437\\u0430 \\u0434\\u043e \\u043c\\u0435\\u0441\\u0442\\u0430 \\u043d\\u0430\\u0437\\u043d\\u0430\\u0447\\u0435\\u043d\\u0438\\u044f\",\"en\":\"From pickup point to destination\",\"tu\":\"Al\\u0131\\u015f noktas\\u0131ndan var\\u0131\\u015f noktas\\u0131na\"},\"description\":{\"ru\":\"\\u041c\\u044b \\u0442\\u0440\\u0430\\u043d\\u0441\\u043f\\u043e\\u0440\\u0442\\u0438\\u0440\\u0443\\u0435\\u043c \\u0431\\u044b\\u0441\\u0442\\u0440\\u043e \\u0438 \\u0431\\u0435\\u0437\\u043e\\u043f\\u0430\\u0441\\u043d\\u043e. \\u041d\\u0430\\u0448\\u0430 \\u0437\\u0430\\u0434\\u0430\\u0447\\u0430 \\u0441\\u0434\\u0435\\u043b\\u0430\\u0442\\u044c \\u0442\\u0430\\u043a \\u0447\\u0442\\u043e\\u0431\\u044b \\u0432\\u044b \\u0437\\u0430\\u0431\\u044b\\u043b\\u0438 \\u043e \\u043f\\u0440\\u043e\\u0431\\u043b\\u0435\\u043c\\u0430\\u0445 \\u043f\\u0440\\u0438 \\u0442\\u0440\\u0430\\u043d\\u0441\\u043f\\u043e\\u0440\\u0442\\u0438\\u0440\\u043e\\u0432\\u043a\\u0435!\",\"en\":\"We transport quickly and safely. Our task is to make you forget about problems during transportation!\",\"tu\":\"H\\u0131zl\\u0131 ve g\\u00fcvenli bir \\u015fekilde nakliye yap\\u0131yoruz. G\\u00f6revimiz, ula\\u015f\\u0131m s\\u0131ras\\u0131ndaki sorunlar\\u0131 size unutturmak!\"}}', '{\"max\":\"max_jvamezwa7h41szardk5u.jpg\",\"min\":\"min_jvamezwa7h41szardk5u.jpg\"}', '2021-11-13 21:15:48', '2021-11-13 22:13:57');

-- --------------------------------------------------------

--
-- Структура таблицы `users`
--

CREATE TABLE `users` (
  `id` bigint(20) UNSIGNED NOT NULL,
  `name` varchar(255) COLLATE utf8mb4_unicode_ci NOT NULL,
  `telegram_chat_id` bigint(20) UNSIGNED DEFAULT NULL,
  `image` varchar(150) COLLATE utf8mb4_unicode_ci DEFAULT NULL,
  `email` varchar(255) COLLATE utf8mb4_unicode_ci NOT NULL,
  `email_verified_at` timestamp NULL DEFAULT NULL,
  `password` varchar(255) COLLATE utf8mb4_unicode_ci NOT NULL,
  `remember_token` varchar(100) COLLATE utf8mb4_unicode_ci DEFAULT NULL,
  `created_at` timestamp NULL DEFAULT NULL,
  `updated_at` timestamp NULL DEFAULT NULL
) ENGINE=InnoDB DEFAULT CHARSET=utf8mb4 COLLATE=utf8mb4_unicode_ci;

--
-- Дамп данных таблицы `users`
--

INSERT INTO `users` (`id`, `name`, `telegram_chat_id`, `image`, `email`, `email_verified_at`, `password`, `remember_token`, `created_at`, `updated_at`) VALUES
(1, 'Jurabek', 219216212, '1636468828.jpg', 'b_jurabek@umail.com', NULL, '$2y$10$pyU6LGpn5Fv2QneNNl3DQecKmcVLTfVxyrINEkIsRCh6Hoqq7TAAG', NULL, '2021-03-29 22:31:14', '2021-11-14 14:59:56'),
(2, 'yosh', NULL, NULL, 'uqituvchi@uz.uz', NULL, '$2y$10$GalXh.sFqrr3BBDJQwoCE.hOXwUv/RQnfx2ZBjek09TTbLNzpBx3y', NULL, '2021-07-06 20:30:04', '2021-07-06 20:30:04');

-- --------------------------------------------------------

--
-- Структура таблицы `uslugi`
--

CREATE TABLE `uslugi` (
  `id` bigint(20) UNSIGNED NOT NULL,
  `title` text COLLATE utf8mb4_unicode_ci NOT NULL,
  `desc` longtext COLLATE utf8mb4_unicode_ci NOT NULL,
  `text` longtext COLLATE utf8mb4_unicode_ci NOT NULL,
  `img` varchar(100) COLLATE utf8mb4_unicode_ci NOT NULL,
  `category_id` int(5) NOT NULL DEFAULT 2,
  `created_at` timestamp NULL DEFAULT NULL,
  `updated_at` timestamp NULL DEFAULT NULL
) ENGINE=InnoDB DEFAULT CHARSET=utf8mb4 COLLATE=utf8mb4_unicode_ci;

--
-- Дамп данных таблицы `uslugi`
--

INSERT INTO `uslugi` (`id`, `title`, `desc`, `text`, `img`, `category_id`, `created_at`, `updated_at`) VALUES
(2, '{\"ru\":\"\\u041f\\u0435\\u0440\\u0435\\u0432\\u043e\\u0437\\u043a\\u0430 \\u0434\\u0440\\u0430\\u0433\\u043e\\u0446\\u0435\\u043d\\u043d\\u044b\\u0445 \\u0433\\u0440\\u0443\\u0437\\u043e\\u0432\",\"en\":\"Transportation of precious cargo\",\"tu\":\"De\\u011ferli kargo ta\\u015f\\u0131mac\\u0131l\\u0131\\u011f\\u0131\"}', '{\"ru\":\"<p>\\u041d\\u0430\\u0434\\u0435\\u0436\\u043d\\u0430\\u044f \\u0438 \\u043e\\u043f\\u0435\\u0440\\u0430\\u0442\\u0438\\u0432\\u043d\\u0430\\u044f \\u043f\\u0435\\u0440\\u0435\\u0432\\u043e\\u0437\\u043a\\u0430 \\u0434\\u043e\\u0440\\u043e\\u0433\\u043e\\u0441\\u0442\\u043e\\u044f\\u0449\\u0438\\u0445 \\u0433\\u0440\\u0443\\u0437\\u043e\\u0432 \\u043e\\u0441\\u0443\\u0449\\u0435\\u0441\\u0442\\u0432\\u043b\\u044f\\u0435\\u0442\\u0441\\u044f \\u0441 \\u043f\\u043e\\u043c\\u043e\\u0449\\u044c\\u044e \\u0441\\u043e\\u0432\\u0440\\u0435\\u043c\\u0435\\u043d\\u043d\\u043e\\u0433\\u043e \\u0433\\u0440\\u0443\\u0437\\u043e\\u0432\\u043e\\u0433\\u043e \\u0430\\u0432\\u0442\\u043e\\u0442\\u0440\\u0430\\u043d\\u0441\\u043f\\u043e\\u0440\\u0442\\u0430, \\u0441\\u043e\\u043e\\u0442\\u0432\\u0435\\u0442\\u0441\\u0442\\u0432\\u0443\\u044e\\u0449\\u0435\\u0433\\u043e \\u0435\\u0432\\u0440\\u043e\\u043f\\u0435\\u0439\\u0441\\u043a\\u0438\\u043c \\u0441\\u0442\\u0430\\u043d\\u0434\\u0430\\u0440\\u0442o\\u043c.<\\/p>\",\"en\":\"<p>Reliable and efficient transportation of high-value goods is carried out using<br \\/>modern freight vehicles corresponding to European<br \\/>standard.<\\/p>\",\"tu\":\"<p>Y&uuml;ksek de\\u011ferli mallar\\u0131n g&uuml;venilir ve verimli nakliyesi kullan\\u0131larak ger&ccedil;ekle\\u015ftirilir.<br \\/>Avrupa\'ya tekab&uuml;l eden modern y&uuml;k ara&ccedil;lar\\u0131<br \\/>standart.<\\/p>\"}', '{\"ru\":\"<div class=\\\"text-left\\\">\\r\\n<p>\\u0421\\u0442\\u0440\\u0430\\u0445\\u043e\\u0432\\u0430\\u043d\\u0438\\u0435 \\u043f\\u0435\\u0440\\u0435\\u0432\\u043e\\u0437\\u043a\\u0430 \\u0433\\u0440\\u0443\\u0437\\u043e\\u0432 \\u041f\\u0435\\u0440\\u0435\\u0432\\u043e\\u0437\\u043a\\u0430 \\u0442\\u044f\\u0436\\u0435\\u043b\\u043e\\u0432\\u0435\\u0441\\u043d\\u044b\\u0445 \\u0433\\u0440\\u0443\\u0437\\u043e\\u0432 \\u043e\\u0441\\u0443\\u0449\\u0435\\u0441\\u0442\\u0432\\u043b\\u044f\\u0435\\u0442\\u0441\\u044f \\u0431\\u044b\\u0441\\u0442\\u0440\\u043e \\u0438 \\u043d\\u0435\\u0434\\u043e\\u0440\\u043e\\u0433\\u043e. \\u0412 \\u043f\\u0440\\u043e\\u0444\\u0435\\u0441\\u0441\\u0438\\u043e\\u043d\\u0430\\u043b\\u0438\\u0437\\u043c\\u0435 \\u0441\\u043e\\u0442\\u0440\\u0443\\u0434\\u043d\\u0438\\u043a\\u043e\\u0432 \\u0442\\u0440\\u0430\\u043d\\u0441\\u043f\\u043e\\u0440\\u0442\\u043d\\u043e\\u0439 \\u043a\\u043e\\u043c\\u043f\\u0430\\u043d\\u0438\\u0438 \\u043d\\u0435 \\u0441\\u043e\\u043c\\u043d\\u0435\\u0432\\u0430\\u0439\\u0442\\u0435\\u0441\\u044c. \\u0412\\u043e\\u0437\\u043c\\u043e\\u0436\\u043d\\u044b\\u0435 \\u0442\\u043e\\u0432\\u0430\\u0440\\u044b, \\u043a\\u043e\\u043d\\u0441\\u0442\\u0440\\u0443\\u043a\\u0446\\u0438\\u0438 \\u0438 \\u043f\\u0440\\u043e\\u0434\\u0443\\u043a\\u0446\\u0438\\u044f \\u043f\\u0440\\u0435\\u0434\\u043f\\u0440\\u0438\\u044f\\u0442\\u0438\\u0439:<\\/p>\\r\\n<h2><strong>\\u041d\\u0430\\u0448\\u0438 \\u0443\\u0441\\u043b\\u0443\\u0433\\u0438<\\/strong><\\/h2>\\r\\n<p>EOSTS &mdash; \\u044d\\u0442\\u043e \\u0448\\u0442\\u0430\\u0442 \\u043d\\u0430\\u0434\\u0435\\u0436\\u043d\\u044b\\u0445 \\u043f\\u0440\\u043e\\u0444\\u0435\\u0441\\u0441\\u0438\\u043e\\u043d\\u0430\\u043b\\u043e\\u0432, \\u0441\\u043f\\u0435\\u0446\\u0438\\u0430\\u043b\\u0438\\u0441\\u0442\\u043e\\u0432 \\u0441\\u0432\\u043e\\u0435\\u0433\\u043e \\u0434\\u0435\\u043b\\u0430, \\u043a\\u043e\\u0442\\u043e\\u0440\\u044b\\u0435 \\u0432\\u043e\\u0437\\u044c\\u043c\\u0443\\u0442 \\u043d\\u0430 \\u0441\\u0435\\u0431\\u044f \\u043e\\u0444\\u043e\\u0440\\u043c\\u043b\\u0435\\u043d\\u0438\\u0435 \\u043d\\u0435\\u043e\\u0431\\u0445\\u043e\\u0434\\u0438\\u043c\\u043e\\u0439 \\u0434\\u043e\\u043a\\u0443\\u043c\\u0435\\u043d\\u0442\\u0430\\u0446\\u0438\\u0438 \\u043d\\u0430 \\u043f\\u0435\\u0440\\u0435\\u0432\\u043e\\u0437\\u043a\\u0443 \\u0433\\u0440\\u0443\\u0437\\u043e\\u0432<\\/p>\\r\\n<ul>\\r\\n<li>\\u0412 \\u043d\\u0430\\u0448\\u0435\\u0439 \\u043a\\u043e\\u043c\\u043f\\u0430\\u043d\\u0438\\u0438 \\u043c\\u044b \\u0438\\u0441\\u043f\\u043e\\u043b\\u044c\\u0437\\u0443\\u0435\\u043c \\u0442\\u043e\\u043b\\u044c\\u043a\\u043e \\u0441\\u043e\\u0432\\u0440\\u0435\\u043c\\u0435\\u043d\\u043d\\u0443\\u044e \\u0442\\u0435\\u0445\\u043d\\u0438\\u043a\\u0443, \\u043e\\u0441\\u043d\\u0430\\u0449\\u0435\\u043d\\u043d\\u0443\\u044e \\u0441\\u043f\\u0435\\u0446\\u0438\\u0430\\u043b\\u044c\\u043d\\u044b\\u043c \\u043e\\u0431\\u043e\\u0440\\u0443\\u0434\\u043e\\u0432\\u0430\\u043d\\u0438\\u0435\\u043c, \\u043e\\u0431\\u043b\\u0435\\u0433\\u0447\\u0430\\u044e\\u0449\\u0438\\u043c \\u043f\\u043e\\u0433\\u0440\\u0443\\u0437\\u043a\\u0443 \\u0438 \\u0432\\u044b\\u0433\\u0440\\u0443\\u0437\\u043a\\u0438 \\u0442\\u044f\\u0436\\u0435\\u043b\\u043e\\u0432\\u0435\\u0441\\u043d\\u044b\\u0445 \\u0433\\u0440\\u0443\\u0437\\u043e\\u0432.<\\/li>\\r\\n<li>. \\u041c\\u044b \\u043c\\u043e\\u0436\\u0435\\u043c \\u0442\\u0430\\u043a\\u0436\\u0435 \\u0441\\u0440\\u043e\\u0447\\u043d\\u043e \\u0434\\u043e\\u0441\\u0442\\u0430\\u0432\\u043b\\u044f\\u0442\\u044c \\u0433\\u0440\\u0443\\u0437\\u044b \\u0432\\u0435\\u0441\\u043e\\u043c \\u0434\\u043e * \\u0442\\u043e\\u043d\\u043d \\u0438 \\u0434\\u043b\\u0438\\u043d\\u043e\\u0439 \\u0434\\u043e * \\u043c\\u0435\\u0442\\u0440\\u043e\\u0432.<\\/li>\\r\\n<li>\\u041c\\u044b \\u043f\\u0435\\u0440\\u0435\\u0432\\u043e\\u0437\\u0438\\u043c \\u043f\\u043e \\u0437\\u0430\\u043a\\u043e\\u043d\\u0443 \\u0438 \\u043d\\u0435 \\u043f\\u043e\\u0440\\u0442\\u0438\\u043c \\u0434\\u043e\\u0440\\u043e\\u0436\\u043d\\u043e\\u0435 \\u043f\\u043e\\u043a\\u0440\\u044b\\u0442\\u0438\\u0435, \\u043d\\u0435 \\u043f\\u0440\\u0435\\u0432\\u044b\\u0448\\u0430\\u0435\\u043c \\u0440\\u0430\\u0437\\u0440\\u0435\\u0448\\u0435\\u043d\\u043d\\u0443\\u044e \\u043d\\u0430\\u0433\\u0440\\u0443\\u0437\\u043a\\u0443 \\u043d\\u0430 \\u043e\\u0441\\u044c.<\\/li>\\r\\n<li>\\u041f\\u0435\\u0440\\u0435\\u0432\\u043e\\u0437\\u043a\\u0430 \\u0442\\u044f\\u0436\\u0435\\u043b\\u044b\\u0445 \\u043d\\u0435\\u0433\\u0430\\u0431\\u0430\\u0440\\u0438\\u0442\\u043d\\u044b\\u0445 \\u043f\\u0440\\u0435\\u0434\\u043c\\u0435\\u0442\\u043e\\u0432 \\u0442\\u0440\\u0430\\u043b\\u0430\\u043c\\u0438 \\u043c\\u044b \\u0442\\u0430\\u043a\\u0436\\u0435 \\u0432\\u044b\\u043f\\u043e\\u043b\\u043d\\u044f\\u0435\\u043c \\u0431\\u044b\\u0441\\u0442\\u0440\\u043e \\u0438 \\u043d\\u0435\\u0434\\u043e\\u0440\\u043e\\u0433\\u043e \\u0441 \\u043e\\u0444\\u043e\\u0440\\u043c\\u043b\\u0435\\u043d\\u0438\\u0435\\u043c \\u0440\\u0430\\u0437\\u0440\\u0435\\u0448\\u0435\\u043d\\u0438\\u0439 \\u043d\\u0430 \\u043f\\u0440\\u043e\\u0435\\u0437\\u0434.<\\/li>\\r\\n<\\/ul>\\r\\n<\\/div>\\r\\n<div class=\\\"col-sm-6\\\">\\r\\n<h3 class=\\\"h3-md fw-7 mb-4 txt-blue\\\">\\u041f\\u0440\\u0435\\u0438\\u043c\\u0443\\u0449\\u0435\\u0441\\u0442\\u0432\\u0430 \\u0443\\u0441\\u043b\\u0443\\u0433<\\/h3>\\r\\n<ul class=\\\"list-unstyled icons-listing theme-orange mb-0\\\">\\r\\n<li>\\u0423\\u043f\\u0440\\u0430\\u0432\\u043b\\u0435\\u043d\\u0438\\u0435 \\u043f\\u043e\\u0441\\u0442\\u043e\\u044f\\u043d\\u043d\\u044b\\u043c \\u0443\\u043b\\u0443\\u0447\\u0448\\u0435\\u043d\\u0438\\u0435\\u043c<\\/li>\\r\\n<li>\\u0430\\u043a\\u0442\\u0438\\u0432\\u043d\\u043e\\u0435 \\u0441\\u043e\\u043e\\u0431\\u0449\\u0435\\u0441\\u0442\\u0432\\u043e \\u0441 \\u043f\\u0430\\u0440\\u0442\\u043d\\u0435\\u0440\\u043e\\u043c<\\/li>\\r\\n<li>\\u043a\\u0440\\u0443\\u0433\\u043b\\u043e\\u0441\\u0443\\u0442\\u0438\\u0447\\u043d\\u043e \\u043a\\u043e\\u043d\\u0442\\u0430\\u043a\\u0442\\u0438\\u0440\\u043e\\u0432\\u0430\\u0442\\u044c \\u0441 \\u043a\\u043b\\u0438\\u0435\\u043d\\u0442\\u043e\\u043c<\\/li>\\r\\n<li>Clearance and compliance service<\\/li>\\r\\n<li>Clearance and compliance service<\\/li>\\r\\n<\\/ul>\\r\\n<\\/div>\\r\\n<div class=\\\"col-sm-6\\\"><img class=\\\"rounded mb-4\\\" src=\\\"\\/storage\\/photos\\/1\\/uslugi\\/ogir-yuklar.png\\\" width=\\\"254\\\" height=\\\"220\\\" \\/><\\/div>\\r\\n<div class=\\\"col-sm-12 mb-4\\\">\\r\\n<h3 class=\\\"h3-md fw-7 mb-4 txt-blue\\\">More information<\\/h3>\\r\\n<div class=\\\"theme-collapse arrow-right-border\\\">\\r\\n<div class=\\\"toggle\\\">What is do i have to tell you a few lorem?<\\/div>\\r\\n<div class=\\\"collapse\\\">\\r\\n<div class=\\\"content\\\">Nunc non mollis nulla. Sed tconsectetur elit id mi consectetur bibendum. Aenean sollicitudin. Proin gravida nibh vel velit auctor aliquet. Aenean sollicitudin, lorem quis. Vivamus ac ultrices diam,<\\/div>\\r\\n<\\/div>\\r\\n<div class=\\\"toggle\\\">I have a technical problem or support issue I need resolved, who do I email?<\\/div>\\r\\n<div class=\\\"collapse\\\">\\r\\n<div class=\\\"content\\\">Nunc non mollis nulla. Sed tconsectetur elit id mi consectetur bibendum. Aenean sollicitudin. Proin gravida nibh vel velit auctor aliquet. Aenean sollicitudin, lorem quis. Vivamus ac ultrices diam,<\\/div>\\r\\n<\\/div>\\r\\n<div class=\\\"toggle\\\">What other services are you compatible with?<\\/div>\\r\\n<div class=\\\"collapse\\\">\\r\\n<div class=\\\"content\\\">Nunc non mollis nulla. Sed tconsectetur elit id mi consectetur bibendum. Aenean sollicitudin. Proin gravida nibh vel velit auctor aliquet. Aenean sollicitudin, lorem quis. Vivamus ac ultrices diam,<\\/div>\\r\\n<\\/div>\\r\\n<\\/div>\\r\\n<\\/div>\\r\\n<div class=\\\"col-sm-12 mb-4\\\">\\r\\n<h3 class=\\\"h3-md fw-7 mb-4\\\">Still open questions?<\\/h3>\\r\\n<a class=\\\"mr-2 mb-3 btn-theme bg-orange\\\" href=\\\"#\\\">Ask Now <\\/a><\\/div>\",\"en\":\"<div class=\\\"text-left\\\">\\r\\n<p>Insurance transportation of goods Transportation of heavy goods is carried out quickly and inexpensively. Do not doubt the professionalism of the transport company employees. Possible products, designs and products of enterprises:<\\/p>\\r\\n<h2><strong> Our Services <\\/strong><\\/h2>\\r\\n<p>EOSTS &amp; mdash; it is a staff of reliable professionals, specialists in their field, who will undertake the preparation of the necessary documentation for the transportation of goods<\\/p>\\r\\n<ul>\\r\\n<li>In our company, we use only modern technology, equipped with special equipment that facilitates the loading and unloading of heavy cargo.<\\/li>\\r\\n<li>. We can also urgently deliver goods weighing up to * tons and up to * meters in length.<\\/li>\\r\\n<li>We transport legally and do not damage the road surface, do not exceed the permitted axle load.<\\/li>\\r\\n<li>We also carry out the transportation of heavy oversized items by trawls quickly and inexpensively with the registration of travel permits.<\\/li>\\r\\n<\\/ul>\\r\\n<\\/div>\\r\\n<div class=\\\"col-sm-6\\\">\\r\\n<h3 class=\\\"h3-md fw-7 mb-4 txt-blue\\\">Service benefits<\\/h3>\\r\\n<ul class=\\\"list-unstyled icons-listing theme-orange mb-0\\\">\\r\\n<li>Management of continual improvement<\\/li>\\r\\n<li>active community with a partner<\\/li>\\r\\n<li>to communicate with the client in a round-the-clock manner<\\/li>\\r\\n<li>Clearance and compliance service<\\/li>\\r\\n<li>Clearance and compliance service<\\/li>\\r\\n<\\/ul>\\r\\n<\\/div>\\r\\n<div class=\\\"col-sm-6\\\"><img class=\\\"rounded mb-4\\\" src=\\\"\\/storage\\/photos\\/1\\/uslugi\\/ogir-yuklar.png\\\" width=\\\"254\\\" height=\\\"220\\\" \\/><\\/div>\\r\\n<div class=\\\"col-sm-12 mb-4\\\">\\r\\n<h3 class=\\\"h3-md fw-7 mb-4 txt-blue\\\">More information<\\/h3>\\r\\n<div class=\\\"theme-collapse arrow-right-border\\\">\\r\\n<div class=\\\"toggle\\\">What is do i have to tell you a few lorem?<\\/div>\\r\\n<div class=\\\"collapse\\\">\\r\\n<div class=\\\"content\\\">Nunc non mollis nulla. Sed tconsectetur elit id mi consectetur bibendum. Aenean sollicitudin. Proin gravida nibh vel velit auctor aliquet. Aenean sollicitudin, lorem quis. Vivamus ac ultrices diam,<\\/div>\\r\\n<\\/div>\\r\\n<div class=\\\"toggle\\\">I have a technical problem or support issue I need resolved, who do I email?<\\/div>\\r\\n<div class=\\\"collapse\\\">\\r\\n<div class=\\\"content\\\">Nunc non mollis nulla. Sed tconsectetur elit id mi consectetur bibendum. Aenean sollicitudin. Proin gravida nibh vel velit auctor aliquet. Aenean sollicitudin, lorem quis. Vivamus ac ultrices diam,<\\/div>\\r\\n<\\/div>\\r\\n<div class=\\\"toggle\\\">What other services are you compatible with?<\\/div>\\r\\n<div class=\\\"collapse\\\">\\r\\n<div class=\\\"content\\\">Nunc non mollis nulla. Sed tconsectetur elit id mi consectetur bibendum. Aenean sollicitudin. Proin gravida nibh vel velit auctor aliquet. Aenean sollicitudin, lorem quis. Vivamus ac ultrices diam,<\\/div>\\r\\n<\\/div>\\r\\n<\\/div>\\r\\n<\\/div>\\r\\n<div class=\\\"col-sm-12 mb-4\\\">\\r\\n<h3 class=\\\"h3-md fw-7 mb-4\\\">Still open questions?<\\/h3>\\r\\n<a class=\\\"mr-2 mb-3 btn-theme bg-orange\\\" href=\\\"#\\\">Ask Now <\\/a><\\/div>\",\"tu\":\"<div class=\\\"metin-sol\\\">\\r\\n<p>Sigortal\\u0131 e\\u015fya ta\\u015f\\u0131mac\\u0131l\\u0131\\u011f\\u0131 A\\u011f\\u0131r e\\u015fya ta\\u015f\\u0131mac\\u0131l\\u0131\\u011f\\u0131 h\\u0131zl\\u0131 ve ucuz bir \\u015fekilde ger&ccedil;ekle\\u015ftirilir. Nakliye \\u015firketi &ccedil;al\\u0131\\u015fanlar\\u0131n\\u0131n profesyonelli\\u011finden \\u015f&uuml;pheniz olmas\\u0131n. \\u0130\\u015fletmelerin olas\\u0131 &uuml;r&uuml;nleri, tasar\\u0131mlar\\u0131 ve &uuml;r&uuml;nleri:<\\/p>\\r\\n<h2><strong> Hizmetlerimiz <\\/strong><\\/h2>\\r\\n<p>EOSTS &amp; mdash; e\\u015fya ta\\u015f\\u0131mac\\u0131l\\u0131\\u011f\\u0131 i&ccedil;in gerekli evraklar\\u0131n haz\\u0131rlanmas\\u0131n\\u0131 &uuml;stlenecek, alan\\u0131nda uzman, g&uuml;venilir profesyonellerden olu\\u015fan bir kadrodur<\\/p>\\r\\n<ul>\\r\\n<li>\\u015eirketimizde a\\u011f\\u0131r y&uuml;klerin y&uuml;klenmesini ve bo\\u015falt\\u0131lmas\\u0131n\\u0131 kolayla\\u015ft\\u0131ran &ouml;zel ekipmanlarla donat\\u0131lm\\u0131\\u015f sadece modern teknolojiyi kullan\\u0131yoruz.<\\/li>\\r\\n<li>. Ayr\\u0131ca * tona kadar ve * metre uzunlu\\u011fa kadar mallar\\u0131 acilen teslim edebiliriz.<\\/li>\\r\\n<li>Yasal olarak ta\\u015f\\u0131yoruz ve yol y&uuml;zeyine zarar vermiyoruz, izin verilen dingil y&uuml;k&uuml;n&uuml; a\\u015fm\\u0131yoruz.<\\/li>\\r\\n<li>A\\u011f\\u0131r gabarilerin de trollerle ta\\u015f\\u0131nmas\\u0131n\\u0131 seyahat izinlerinin tescili ile h\\u0131zl\\u0131 ve ucuz bir \\u015fekilde ger&ccedil;ekle\\u015ftiriyoruz.<\\/li>\\r\\n<\\/ul>\\r\\n<\\/div>\\r\\n<div>\\r\\n<h3 class=\\\"h3-md fw-7 mb-4 txt-blue\\\">Hizmet avantajlar\\u0131<\\/h3>\\r\\n<ul class=\\\"liste-stilsiz simgeler-listeleme temas\\u0131-turuncu mb-0\\\">\\r\\n<li>S&uuml;rekli iyile\\u015ftirmenin y&ouml;netimi<\\/li>\\r\\n<li>bir ortakla aktif topluluk<\\/li>\\r\\n<li>m&uuml;\\u015fteriyle g&uuml;n&uuml;n 24 saati ileti\\u015fim kurmak i&ccedil;in<\\/li>\\r\\n<li>Onay ve uyumluluk hizmeti<\\/li>\\r\\n<li>Onay ve uyumluluk hizmeti<\\/li>\\r\\n<\\/ul>\\r\\n<\\/div>\\r\\n<div class=\\\"col-sm-6\\\"><img class=\\\"yuvarlak mb-4\\\" src=\\\"\\/storage\\/photos\\/1\\/uslugi\\/ogir-yuklar.png\\\" width=\\\"254\\\" height=\\\"220\\\" \\/><\\/div>\\r\\n<div class=\\\"col-sm-12 mb-4\\\">\\r\\n<h3 class=\\\"h3-md fw-7 mb-4 txt-blue\\\">More information<\\/h3>\\r\\n<div class=\\\"theme-collapse arrow-right-border\\\">\\r\\n<div class=\\\"toggle\\\">What is do i have to tell you a few lorem?<\\/div>\\r\\n<div class=\\\"collapse\\\">\\r\\n<div class=\\\"content\\\">Nunc non mollis nulla. Sed tconsectetur elit id mi consectetur bibendum. Aenean sollicitudin. Proin gravida nibh vel velit auctor aliquet. Aenean sollicitudin, lorem quis. Vivamus ac ultrices diam,<\\/div>\\r\\n<\\/div>\\r\\n<div class=\\\"toggle\\\">I have a technical problem or support issue I need resolved, who do I email?<\\/div>\\r\\n<div class=\\\"collapse\\\">\\r\\n<div class=\\\"content\\\">Nunc non mollis nulla. Sed tconsectetur elit id mi consectetur bibendum. Aenean sollicitudin. Proin gravida nibh vel velit auctor aliquet. Aenean sollicitudin, lorem quis. Vivamus ac ultrices diam,<\\/div>\\r\\n<\\/div>\\r\\n<div class=\\\"toggle\\\">What other services are you compatible with?<\\/div>\\r\\n<div class=\\\"collapse\\\">\\r\\n<div class=\\\"content\\\">Nunc non mollis nulla. Sed tconsectetur elit id mi consectetur bibendum. Aenean sollicitudin. Proin gravida nibh vel velit auctor aliquet. Aenean sollicitudin, lorem quis. Vivamus ac ultrices diam,<\\/div>\\r\\n<\\/div>\\r\\n<\\/div>\\r\\n<\\/div>\\r\\n<div class=\\\"col-sm-12 mb-4\\\">\\r\\n<h3 class=\\\"h3-md fw-7 mb-4\\\">Still open questions?<\\/h3>\\r\\n<a class=\\\"mr-2 mb-3 btn-theme bg-orange\\\" href=\\\"#\\\">Ask Now <\\/a><\\/div>\"}', '{\"max\":\"max_yzxjbjxuclys3szqasfn.jpg\",\"min\":\"min_yzxjbjxuclys3szqasfn.jpg\"}', 2, '2021-11-14 01:53:40', '2021-11-14 05:37:31'),
(3, '{\"ru\":\"\\u041f\\u0435\\u0440\\u0435\\u0432\\u043e\\u0437\\u043a\\u0430 \\u0442\\u0440\\u0435\\u0431\\u0443\\u044e\\u0449\\u0438\\u0439 \\u043e\\u0441\\u043e\\u0431\\u044b\\u0445 \\u0443\\u0441\\u043b\\u043e\\u0432\\u0438\\u0439 \\u0445\\u0440\\u0430\\u043d\\u0435\\u043d\\u0438\\u044f\",\"en\":\"Transportation requiring special storage conditions\",\"tu\":\"\\u00d6zel saklama ko\\u015fullar\\u0131 gerektiren ta\\u015f\\u0131ma\"}', '{\"ru\":\"<p>\\u041f\\u043e\\u0434 \\u043a\\u043b\\u0430\\u0441\\u0441\\u0438\\u0444\\u0438\\u043a\\u0430\\u0446\\u0438\\u044e \\u0442\\u0430\\u043a\\u0438\\u0445 \\u0433\\u0440\\u0443\\u0437\\u043e\\u0432 \\u043f\\u043e\\u043f\\u0430\\u0434\\u0430\\u044e\\u0442, \\u0432 \\u043e\\u0441\\u043d\\u043e\\u0432\\u043d\\u043e\\u043c, \\u043f\\u0438\\u0449\\u0435\\u0432\\u044b\\u0435 \\u043f\\u0440\\u043e\\u0434\\u0443\\u043a\\u0442\\u044b \\u0438 \\u0442\\u0440\\u0435\\u0431\\u0443\\u044e\\u0449\\u0438\\u0435 \\u043e\\u0441\\u043e\\u0431\\u044b\\u0445 \\u0443\\u0441\\u043b\\u043e\\u0432\\u0438\\u0439 \\u0445\\u0440\\u0430\\u043d\\u0435\\u043d\\u0438\\u044f (\\u0443\\u0440\\u043e\\u0432\\u0435\\u043d\\u044c \\u0432\\u043b\\u0430\\u0436\\u043d\\u043e\\u0441\\u0442\\u0438, \\u0442\\u0435\\u043c\\u043f\\u0435\\u0440\\u0430\\u0442\\u0443\\u0440\\u043d\\u044b\\u0439 \\u0440\\u0435\\u0436\\u0438\\u043c) \\u0438 \\u0441\\u0440\\u043e\\u043a\\u043e\\u0432 \\u0434\\u043e\\u0441\\u0442\\u0430\\u0432\\u043a\\u0438.<\\/p>\",\"en\":\"<p>Under the classification of such goods<br \\/>mainly food products that require special storage conditions (level<br \\/>humidity, temperature) and delivery times.<\\/p>\",\"tu\":\"<p>Bu t&uuml;r mallar\\u0131n s\\u0131n\\u0131fland\\u0131r\\u0131lmas\\u0131 alt\\u0131nda<br \\/>&ouml;zellikle &ouml;zel saklama ko\\u015fullar\\u0131 gerektiren g\\u0131da &uuml;r&uuml;nleri (seviye<br \\/>nem, s\\u0131cakl\\u0131k) ve teslimat s&uuml;releri.<\\/p>\"}', '{\"ru\":\"<div class=\\\"col-md-12 mb-5\\\">\\r\\n<div class=\\\"text-left\\\">\\r\\n<h4 class=\\\"h4-md mb-3 txt-blue fw-7\\\">\\u041f\\u0415\\u0420\\u0415\\u0412\\u041e\\u0417\\u041a\\u0410 \\u0422\\u0420\\u0415\\u0411\\u0423\\u042e\\u0429\\u0418\\u0419 \\u041e\\u0421\\u041e\\u0411\\u042b\\u0425 \\u0423\\u0421\\u041b\\u041e\\u0412\\u0418\\u0419 \\u0425\\u0420\\u0410\\u041d\\u0415\\u041d\\u0418\\u042f<\\/h4>\\r\\n<p>\\u041f\\u0435\\u0440\\u0435\\u0432\\u043e\\u0437\\u043a\\u0430 \\u0441\\u043a\\u043e\\u0440\\u043e\\u043f\\u043e\\u0440\\u0442\\u044f\\u0449\\u0438\\u0445\\u0441\\u044f \\u0433\\u0440\\u0443\\u0437\\u043e\\u0432 \\u044f\\u0432\\u043b\\u044f\\u0435\\u0442\\u0441\\u044f \\u0434\\u043e\\u0432\\u043e\\u043b\\u044c\\u043d\\u043e \\u0442\\u0440\\u0443\\u0434\\u043e\\u0435\\u043c\\u043a\\u043e\\u0439 \\u0442\\u0440\\u0430\\u043d\\u0441\\u043f\\u043e\\u0440\\u0442\\u043d\\u043e\\u0439 \\u0443\\u0441\\u043b\\u0443\\u0433\\u043e\\u0439. \\u0415\\u0435 \\u043e\\u0441\\u0443\\u0449\\u0435\\u0441\\u0442\\u0432\\u043b\\u0435\\u043d\\u0438\\u0435 \\u0442\\u0440\\u0435\\u0431\\u0443\\u0435\\u0442 \\u043e\\u0442 \\u0438\\u0441\\u043f\\u043e\\u043b\\u043d\\u0438\\u0442\\u0435\\u043b\\u0435\\u0439 \\u043c\\u0430\\u043a\\u0441\\u0438\\u043c\\u0430\\u043b\\u044c\\u043d\\u043e \\u043e\\u043f\\u0435\\u0440\\u0430\\u0442\\u0438\\u0432\\u043d\\u044b\\u0445 \\u0434\\u0435\\u0439\\u0441\\u0442\\u0432\\u0438\\u0439, \\u043d\\u0435\\u043e\\u0431\\u0445\\u043e\\u0434\\u0438\\u043c\\u043e\\u0439 \\u043a\\u0432\\u0430\\u043b\\u0438\\u0444\\u0438\\u043a\\u0430\\u0446\\u0438\\u0438 \\u0438 \\u043d\\u0430\\u043b\\u0438\\u0447\\u0438\\u044f \\u0441\\u043f\\u0435\\u0446\\u0438\\u0430\\u043b\\u044c\\u043d\\u044b\\u0445 \\u0441\\u0440\\u0435\\u0434\\u0441\\u0442\\u0432.<\\/p>\\r\\n<h2><strong>\\u041d\\u0430\\u0448\\u0438 \\u0443\\u0441\\u043b\\u0443\\u0433\\u0438<\\/strong><\\/h2>\\r\\n<p>\\u041a\\u043e\\u043c\\u043f\\u0430\\u043d\\u0438\\u044f &laquo;EOSTS&raquo; \\u043d\\u0430\\u0434\\u0435\\u0436\\u043d\\u043e, \\u043a\\u0430\\u0447\\u0435\\u0441\\u0442\\u0432\\u0435\\u043d\\u043d\\u043e.\\u041e\\u0440\\u0433\\u0430\\u043d\\u0438\\u0437\\u0443\\u0435\\u043c \\u0441\\u0431\\u043e\\u0440\\u043d\\u044b\\u0435 \\u043f\\u0435\\u0440\\u0435\\u0432\\u043e\\u0437\\u043a\\u0438, \\u0442\\u0440\\u0430\\u043d\\u0441\\u043f\\u043e\\u0440\\u0442\\u0438\\u0440\\u043e\\u0432\\u043a\\u0443 \\u043e\\u0442\\u0434\\u0435\\u043b\\u044c\\u043d\\u044b\\u0445 \\u043f\\u0430\\u0440\\u0442\\u0438\\u0439 \\u0442\\u043e\\u0432\\u0430\\u0440\\u0430. \\u0413\\u0430\\u0440\\u0430\\u043d\\u0442\\u0438\\u0440\\u0443\\u0435\\u043c \\u0441\\u043e\\u0431\\u043b\\u044e\\u0434\\u0435\\u043d\\u0438\\u0435 \\u0441\\u0430\\u043d\\u0438\\u0442\\u0430\\u0440\\u043d\\u044b\\u0445, \\u0442\\u0435\\u0445\\u043d\\u0438\\u0447\\u0435\\u0441\\u043a\\u0438\\u0445 \\u043d\\u043e\\u0440\\u043c, \\u0442\\u0440\\u0435\\u0431\\u0443\\u0435\\u043c\\u043e\\u0433\\u043e \\u0442\\u0435\\u043c\\u043f\\u0435\\u0440\\u0430\\u0442\\u0443\\u0440\\u043d\\u043e\\u0433\\u043e \\u0440\\u0435\\u0436\\u0438\\u043c\\u0430!<\\/p>\\r\\n<ul>\\r\\n<li>\\u0422\\u0440\\u0435\\u0431\\u043e\\u0432\\u0430\\u043d\\u0438\\u044f \\u043a \\u0430\\u0432\\u0442\\u043e\\u043c\\u043e\\u0431\\u0438\\u043b\\u044e. \\u0414\\u043b\\u044f \\u0434\\u043e\\u0441\\u0442\\u0430\\u0432\\u043a\\u0438 \\u0441\\u043a\\u043e\\u0440\\u043e\\u043f\\u043e\\u0440\\u0442\\u044f\\u0449\\u0438\\u0445\\u0441\\u044f \\u0433\\u0440\\u0443\\u0437\\u043e\\u0432 \\u043c\\u043e\\u0433\\u0443\\u0442 \\u0438\\u0441\\u043f\\u043e\\u043b\\u044c\\u0437\\u043e\\u0432\\u0430\\u0442\\u044c\\u0441\\u044f \\u0430\\u0432\\u0442\\u043e\\u043c\\u043e\\u0431\\u0438\\u043b\\u0438, \\u043e\\u0441\\u043d\\u0430\\u0449\\u0435\\u043d\\u043d\\u044b\\u0435 \\u043a\\u0430\\u0447\\u0435\\u0441\\u0442\\u0432\\u0435\\u043d\\u043d\\u044b\\u043c \\u0440\\u0435\\u0444\\u0440\\u0438\\u0436\\u0435\\u0440\\u0430\\u0442\\u043e\\u0440\\u043d\\u044b\\u043c \\u043e\\u0431\\u043e\\u0440\\u0443\\u0434\\u043e\\u0432\\u0430\\u043d\\u0438\\u0435\\u043c. \\u042d\\u0442\\u043e \\u0430\\u043a\\u0442\\u0443\\u0430\\u043b\\u044c\\u043d\\u043e, \\u0435\\u0441\\u043b\\u0438 \\u0442\\u0440\\u0435\\u0431\\u0443\\u0435\\u0442\\u0441\\u044f \\u043f\\u0435\\u0440\\u0435\\u0432\\u0435\\u0437\\u0442\\u0438 \\u043e\\u0445\\u043b\\u0430\\u0436\\u0434\\u0435\\u043d\\u043d\\u044b\\u0435 \\u0438\\u043b\\u0438 \\u0441\\u0438\\u043b\\u044c\\u043d\\u043e \\u0437\\u0430\\u043c\\u043e\\u0440\\u043e\\u0436\\u0435\\u043d\\u043d\\u044b\\u0435 \\u043f\\u0440\\u043e\\u0434\\u0443\\u043a\\u0442\\u044b<\\/li>\\r\\n<li>\\u0412\\u0441\\u0442\\u0440\\u0435\\u0447\\u0430 \\u0438 \\u043e\\u0442\\u043f\\u0440\\u0430\\u0432\\u043a\\u0430 \\u0442\\u043e\\u0432\\u0430\\u0440\\u0430.<\\/li>\\r\\n<li>\\u041f\\u043e\\u0434\\u0433\\u043e\\u0442\\u043e\\u0432\\u043a\\u0430 \\u0442\\u0430\\u043c\\u043e\\u0436\\u0435\\u043d\\u043d\\u044b\\u0445 \\u0431\\u0443\\u043c\\u0430\\u0433;<\\/li>\\r\\n<li>\\u041e\\u0444\\u043e\\u0440\\u043c\\u043b\\u0435\\u043d\\u0438\\u0435 \\u0441\\u043a\\u043e\\u0440\\u043e\\u043f\\u043e\\u0440\\u0442\\u044f\\u0449\\u0435\\u0433\\u043e\\u0441\\u044f \\u0433\\u0440\\u0443\\u0437\\u0430<\\/li>\\r\\n<li>\\u0422\\u0440\\u0430\\u043d\\u0441\\u043f\\u043e\\u0440\\u0442\\u043d\\u0430\\u044f \\u0444\\u0438\\u0440\\u043c\\u0430 &laquo;\\u0414\\u0435\\u043b\\u043e\\u0432\\u044b\\u0435 \\u0440\\u0435\\u0448\\u0435\\u043d\\u0438\\u044f&raquo; - \\u043d\\u0430\\u0434\\u0435\\u0436\\u043d\\u044b\\u0439 \\u0433\\u0440\\u0443\\u0437\\u043e\\u043e\\u0442\\u043f\\u0440\\u0430\\u0432\\u0438\\u0442\\u0435\\u043b\\u044c \\u0438 \\u043e\\u0440\\u0433\\u0430\\u043d\\u0438\\u0437\\u0430\\u0442\\u043e\\u0440 \\u0434\\u043e\\u0441\\u0442\\u0430\\u0432\\u043a\\u0438, \\u043a\\u043e\\u0442\\u043e\\u0440\\u044b\\u0439 \\u043f\\u043e\\u043b\\u043d\\u043e\\u0441\\u0442\\u044c\\u044e \\u0431\\u0435\\u0440\\u0435\\u0442 \\u043e\\u0442\\u0432\\u0435\\u0442\\u0441\\u0442\\u0432\\u0435\\u043d\\u043d\\u043e\\u0441\\u0442\\u044c \\u043d\\u0430 \\u0441\\u0435\\u0431\\u044f. \\u041f\\u0440\\u0435\\u0434\\u043b\\u0430\\u0433\\u0430\\u0435\\u043c \\u043d\\u0438\\u0437\\u043a\\u0438\\u0435 \\u0446\\u0435\\u043d\\u044b, \\u043a\\u0430\\u0447\\u0435\\u0441\\u0442\\u0432\\u0435\\u043d\\u043d\\u044b\\u0439 \\u0441\\u0435\\u0440\\u0432\\u0438\\u0441 \\u0434\\u043b\\u044f \\u043a\\u0430\\u0436\\u0434\\u043e\\u0433\\u043e \\u043a\\u043b\\u0438\\u0435\\u043d\\u0442\\u0430!<\\/li>\\r\\n<\\/ul>\\r\\n<\\/div>\\r\\n<\\/div>\\r\\n<div class=\\\"col-sm-6\\\">\\r\\n<h3 class=\\\"h3-md fw-7 mb-4 txt-blue\\\">\\u041f\\u0440\\u0435\\u0438\\u043c\\u0443\\u0449\\u0435\\u0441\\u0442\\u0432\\u0430 \\u0443\\u0441\\u043b\\u0443\\u0433<\\/h3>\\r\\n<ul class=\\\"list-unstyled icons-listing theme-orange mb-0\\\">\\r\\n<li>\\u0423\\u043f\\u0440\\u0430\\u0432\\u043b\\u0435\\u043d\\u0438\\u0435 \\u043f\\u043e\\u0441\\u0442\\u043e\\u044f\\u043d\\u043d\\u044b\\u043c \\u0443\\u043b\\u0443\\u0447\\u0448\\u0435\\u043d\\u0438\\u0435\\u043c<\\/li>\\r\\n<li>\\u0430\\u043a\\u0442\\u0438\\u0432\\u043d\\u043e\\u0435 \\u0441\\u043e\\u043e\\u0431\\u0449\\u0435\\u0441\\u0442\\u0432\\u043e \\u0441 \\u043f\\u0430\\u0440\\u0442\\u043d\\u0435\\u0440\\u043e\\u043c<\\/li>\\r\\n<li>\\u043a\\u0440\\u0443\\u0433\\u043b\\u043e\\u0441\\u0443\\u0442\\u0438\\u0447\\u043d\\u043e \\u043a\\u043e\\u043d\\u0442\\u0430\\u043a\\u0442\\u0438\\u0440\\u043e\\u0432\\u0430\\u0442\\u044c \\u0441 \\u043a\\u043b\\u0438\\u0435\\u043d\\u0442\\u043e\\u043c<\\/li>\\r\\n<li>Clearance and compliance service<\\/li>\\r\\n<li>Clearance and compliance service<\\/li>\\r\\n<\\/ul>\\r\\n<\\/div>\\r\\n<div class=\\\"col-sm-6\\\"><img class=\\\"rounded mb-4\\\" src=\\\"\\/storage\\/photos\\/1\\/uslugi\\/tez-ayniydigan2.png\\\" alt=\\\"\\\" \\/><\\/div>\\r\\n<div class=\\\"col-sm-12 mb-4\\\">\\r\\n<h3 class=\\\"h3-md fw-7 mb-4 txt-blue\\\">More information<\\/h3>\\r\\n<div class=\\\"theme-collapse arrow-right-border\\\">\\r\\n<div class=\\\"toggle\\\">What is do i have to tell you a few lorem?<\\/div>\\r\\n<div class=\\\"collapse\\\">\\r\\n<div class=\\\"content\\\">Nunc non mollis nulla. Sed tconsectetur elit id mi consectetur bibendum. Aenean sollicitudin. Proin gravida nibh vel velit auctor aliquet. Aenean sollicitudin, lorem quis. Vivamus ac ultrices diam,<\\/div>\\r\\n<\\/div>\\r\\n<div class=\\\"toggle\\\">I have a technical problem or support issue I need resolved, who do I email?<\\/div>\\r\\n<div class=\\\"collapse\\\">\\r\\n<div class=\\\"content\\\">Nunc non mollis nulla. Sed tconsectetur elit id mi consectetur bibendum. Aenean sollicitudin. Proin gravida nibh vel velit auctor aliquet. Aenean sollicitudin, lorem quis. Vivamus ac ultrices diam,<\\/div>\\r\\n<\\/div>\\r\\n<div class=\\\"toggle\\\">What other services are you compatible with?<\\/div>\\r\\n<div class=\\\"collapse\\\">\\r\\n<div class=\\\"content\\\">Nunc non mollis nulla. Sed tconsectetur elit id mi consectetur bibendum. Aenean sollicitudin. Proin gravida nibh vel velit auctor aliquet. Aenean sollicitudin, lorem quis. Vivamus ac ultrices diam,<\\/div>\\r\\n<\\/div>\\r\\n<\\/div>\\r\\n<\\/div>\\r\\n<div class=\\\"col-sm-12 mb-4\\\">\\r\\n<h3 class=\\\"h3-md fw-7 mb-4\\\">Still open questions?<\\/h3>\\r\\n<a class=\\\"mr-2 mb-3 btn-theme bg-orange\\\" href=\\\"#\\\">Ask Now <\\/a><\\/div>\",\"en\":\"<div class=\\\"col-md-12 mb-5\\\">\\r\\n<div class=\\\"text-left\\\">\\r\\n<h4 class=\\\"h4-md mb-3 txt-blue fw-7\\\">SHIPPING REQUIRING SPECIAL STORAGE CONDITIONS<\\/h4>\\r\\n<p>Transportation of perishable goods is a rather laborious transport service. Its implementation requires from the performers the most prompt actions, the necessary qualifications and the availability of special means.<\\/p>\\r\\n<h2><strong> Our Services <\\/strong><\\/h2>\\r\\n<p>EOSTS Company reliably, efficiently. We organize groupage transportations, transportation of individual consignments of goods. We guarantee compliance with sanitary, technical standards, the required temperature regime!<\\/p>\\r\\n<ul>\\r\\n<li>Vehicle requirements. For the delivery of perishable goods, vehicles equipped with high-quality refrigerated equipment can be used. This is useful if you need to transport chilled or heavily frozen food<\\/li>\\r\\n<li>Pick up and ship the goods.<\\/li>\\r\\n<li>Preparation of customs papers;<\\/li>\\r\\n<li>Registration of perishable goods<\\/li>\\r\\n<li>Transport company \'Business Solutions\' - a reliable shipper and delivery organizer who takes full responsibility. We offer low prices, high-quality service for each client!<\\/li>\\r\\n<\\/ul>\\r\\n<\\/div>\\r\\n<\\/div>\\r\\n<div class=\\\"col-sm-6\\\">\\r\\n<h3 class=\\\"h3-md fw-7 mb-4 txt-blue\\\">Service benefits<\\/h3>\\r\\n<ul class=\\\"list-unstyled icons-listing theme-orange mb-0\\\">\\r\\n<li>Management of continual improvement<\\/li>\\r\\n<li>active community with a partner<\\/li>\\r\\n<li>to communicate with the client in a round-the-clock manner<\\/li>\\r\\n<li>Clearance and compliance service<\\/li>\\r\\n<li>Clearance and compliance service<\\/li>\\r\\n<\\/ul>\\r\\n<\\/div>\\r\\n<div class=\\\"col-sm-6\\\"><img class=\\\"rounded mb-4\\\" src=\\\"\\/storage\\/photos\\/1\\/uslugi\\/tez-ayniydigan2.png\\\" alt=\\\"\\\" \\/><\\/div>\\r\\n<div class=\\\"col-sm-12 mb-4\\\">\\r\\n<h3 class=\\\"h3-md fw-7 mb-4 txt-blue\\\">More information<\\/h3>\\r\\n<div class=\\\"theme-collapse arrow-right-border\\\">\\r\\n<div class=\\\"toggle\\\">What is do i have to tell you a few lorem?<\\/div>\\r\\n<div class=\\\"collapse\\\">\\r\\n<div class=\\\"content\\\">Nunc non mollis nulla. Sed tconsectetur elit id mi consectetur bibendum. Aenean sollicitudin. Proin gravida nibh vel velit auctor aliquet. Aenean sollicitudin, lorem quis. Vivamus ac ultrices diam,<\\/div>\\r\\n<\\/div>\\r\\n<div class=\\\"toggle\\\">I have a technical problem or support issue I need resolved, who do I email?<\\/div>\\r\\n<div class=\\\"collapse\\\">\\r\\n<div class=\\\"content\\\">Nunc non mollis nulla. Sed tconsectetur elit id mi consectetur bibendum. Aenean sollicitudin. Proin gravida nibh vel velit auctor aliquet. Aenean sollicitudin, lorem quis. Vivamus ac ultrices diam,<\\/div>\\r\\n<\\/div>\\r\\n<div class=\\\"toggle\\\">What other services are you compatible with?<\\/div>\\r\\n<div class=\\\"collapse\\\">\\r\\n<div class=\\\"content\\\">Nunc non mollis nulla. Sed tconsectetur elit id mi consectetur bibendum. Aenean sollicitudin. Proin gravida nibh vel velit auctor aliquet. Aenean sollicitudin, lorem quis. Vivamus ac ultrices diam,<\\/div>\\r\\n<\\/div>\\r\\n<\\/div>\\r\\n<\\/div>\\r\\n<div class=\\\"col-sm-12 mb-4\\\">\\r\\n<h3 class=\\\"h3-md fw-7 mb-4\\\">Still open questions?<\\/h3>\\r\\n<a class=\\\"mr-2 mb-3 btn-theme bg-orange\\\" href=\\\"#\\\">Ask Now <\\/a><\\/div>\",\"tu\":\"<div>\\r\\n<div class=\\\"metin-sol\\\">\\r\\n<h4 class=\\\"h4-md mb-3 txt-blue fw-7\\\">NAKL\\u0130YE &Ouml;ZEL DEPOLAMA KO\\u015eULLARI GEREKT\\u0130R\\u0130R<\\/h4>\\r\\n<p>Bozulabilir mallar\\u0131n ta\\u015f\\u0131nmas\\u0131 olduk&ccedil;a zahmetli bir ta\\u015f\\u0131ma hizmetidir. Uygulanmas\\u0131, sanat&ccedil;\\u0131lardan en h\\u0131zl\\u0131 eylemleri, gerekli nitelikleri ve &ouml;zel ara&ccedil;lar\\u0131n mevcudiyetini gerektirir.<\\/p>\\r\\n<h2><strong> Hizmetlerimiz <\\/strong><\\/h2>\\r\\n<p>EOSTS \\u015eirketi g&uuml;venilir, verimli, grupaj ta\\u015f\\u0131malar\\u0131, bireysel mal sevkiyatlar\\u0131n\\u0131 organize ediyoruz. S\\u0131hhi, teknik standartlara, gerekli s\\u0131cakl\\u0131k rejimine uyumu garanti ediyoruz!<\\/p>\\r\\n<ul>\\r\\n<li>Ara&ccedil; gereksinimleri. Bozulabilir mallar\\u0131n teslimat\\u0131 i&ccedil;in y&uuml;ksek kaliteli frigorifik ekipmanlarla donat\\u0131lm\\u0131\\u015f ara&ccedil;lar kullan\\u0131labilir. Bu, so\\u011futulmu\\u015f veya a\\u015f\\u0131r\\u0131 derecede donmu\\u015f yiyecekleri ta\\u015f\\u0131man\\u0131z gerekti\\u011finde kullan\\u0131\\u015fl\\u0131d\\u0131r<\\/li>\\r\\n<li>Mallar\\u0131 al\\u0131n ve g&ouml;nderin.<\\/li>\\r\\n<li>G&uuml;mr&uuml;k evraklar\\u0131n\\u0131n haz\\u0131rlanmas\\u0131;<\\/li>\\r\\n<li>Bozulabilir mallar\\u0131n kayd\\u0131<\\/li>\\r\\n<li>Nakliye \\u015firketi \'\\u0130\\u015f &Ccedil;&ouml;z&uuml;mleri\' - t&uuml;m sorumlulu\\u011fu alan g&uuml;venilir bir nakliyeci ve teslimat organizat&ouml;r&uuml;. Her m&uuml;\\u015fteri i&ccedil;in d&uuml;\\u015f&uuml;k fiyatlar, y&uuml;ksek kaliteli hizmet sunuyoruz!<\\/li>\\r\\n<\\/ul>\\r\\n<\\/div>\\r\\n<\\/div>\\r\\n<div>\\r\\n<h3 class=\\\"h3-md fw-7 mb-4 txt-blue\\\">Hizmet avantajlar\\u0131<\\/h3>\\r\\n<ul class=\\\"liste-stilsiz simgeler-listeleme temas\\u0131-turuncu mb-0\\\">\\r\\n<li>S&uuml;rekli iyile\\u015ftirmenin y&ouml;netimi<\\/li>\\r\\n<li>bir ortakla aktif topluluk<\\/li>\\r\\n<li>m&uuml;\\u015fteriyle g&uuml;n&uuml;n 24 saati ileti\\u015fim kurmak i&ccedil;in<\\/li>\\r\\n<li>Onay ve uyumluluk hizmeti<\\/li>\\r\\n<li>Onay ve uyumluluk hizmeti<\\/li>\\r\\n<\\/ul>\\r\\n<\\/div>\\r\\n<div class=\\\"col-sm-6\\\"><img class=\\\"yuvarlak mb-4\\\" src=\\\"\\/storage\\/photos\\/1\\/uslugi\\/tez-ayniydigan2.png\\\" alt=\\\"\\\" \\/><\\/div>\\r\\n<div class=\\\"col-sm-12 mb-4\\\">\\r\\n<h3 class=\\\"h3-md fw-7 mb-4 txt-blue\\\">More information<\\/h3>\\r\\n<div class=\\\"theme-collapse arrow-right-border\\\">\\r\\n<div class=\\\"toggle\\\">What is do i have to tell you a few lorem?<\\/div>\\r\\n<div class=\\\"collapse\\\">\\r\\n<div class=\\\"content\\\">Nunc non mollis nulla. Sed tconsectetur elit id mi consectetur bibendum. Aenean sollicitudin. Proin gravida nibh vel velit auctor aliquet. Aenean sollicitudin, lorem quis. Vivamus ac ultrices diam,<\\/div>\\r\\n<\\/div>\\r\\n<div class=\\\"toggle\\\">I have a technical problem or support issue I need resolved, who do I email?<\\/div>\\r\\n<div class=\\\"collapse\\\">\\r\\n<div class=\\\"content\\\">Nunc non mollis nulla. Sed tconsectetur elit id mi consectetur bibendum. Aenean sollicitudin. Proin gravida nibh vel velit auctor aliquet. Aenean sollicitudin, lorem quis. Vivamus ac ultrices diam,<\\/div>\\r\\n<\\/div>\\r\\n<div class=\\\"toggle\\\">What other services are you compatible with?<\\/div>\\r\\n<div class=\\\"collapse\\\">\\r\\n<div class=\\\"content\\\">Nunc non mollis nulla. Sed tconsectetur elit id mi consectetur bibendum. Aenean sollicitudin. Proin gravida nibh vel velit auctor aliquet. Aenean sollicitudin, lorem quis. Vivamus ac ultrices diam,<\\/div>\\r\\n<\\/div>\\r\\n<\\/div>\\r\\n<\\/div>\\r\\n<div class=\\\"col-sm-12 mb-4\\\">\\r\\n<h3 class=\\\"h3-md fw-7 mb-4\\\">Still open questions?<\\/h3>\\r\\n<a class=\\\"mr-2 mb-3 btn-theme bg-orange\\\" href=\\\"#\\\">Ask Now <\\/a><\\/div>\"}', '{\"max\":\"max_lw3caygcyveyurr4kslm.jpg\",\"min\":\"min_lw3caygcyveyurr4kslm.jpg\"}', 2, '2021-11-14 02:04:31', '2021-11-14 05:36:58');
INSERT INTO `uslugi` (`id`, `title`, `desc`, `text`, `img`, `category_id`, `created_at`, `updated_at`) VALUES
(4, '{\"ru\":\"\\u041f\\u0435\\u0440\\u0435\\u0432\\u043e\\u0437\\u043a\\u0430 \\u0441\\u0432\\u0435\\u0440\\u0445\\u0442\\u044f\\u0436\\u0451\\u043b\\u044b\\u0435 \\u0433\\u0440\\u0443\\u0437\\u044b\",\"en\":\"Extra heavy cargo transportation\",\"tu\":\"Ekstra a\\u011f\\u0131r y\\u00fck ta\\u015f\\u0131mac\\u0131l\\u0131\\u011f\\u0131\"}', '{\"ru\":\"<p>\\u0422\\u0430\\u043a\\u0438\\u0435 \\u0433\\u0440\\u0443\\u0437\\u044b \\u043e\\u0431\\u043b\\u0430\\u0434\\u0430\\u044e\\u0442 \\u043d\\u0435\\u0441\\u0442\\u0430\\u043d\\u0434\\u0430\\u0440\\u0442\\u043d\\u044b\\u043c\\u0438 \\u0440\\u0430\\u0437\\u043c\\u0435\\u0440\\u0430\\u043c\\u0438, \\u0432\\u0435\\u0441\\u043e\\u043c, \\u043e\\u0431\\u044a\\u0435\\u043c\\u043e\\u043c \\u0438 \\u0442.\\u0434. \\u0418\\u0445 \\u0442\\u0440\\u0430\\u043d\\u0441\\u043f\\u043e\\u0440\\u0442\\u0438\\u0440\\u043e\\u0432\\u043a\\u0430 \\u0441\\u0432\\u044f\\u0437\\u0430\\u043d\\u0430 \\u0441 \\u0431\\u043e\\u043b\\u044c\\u0448\\u0438\\u043c\\u0438 \\u0442\\u0440\\u0443\\u0434\\u043d\\u043e\\u0441\\u0442\\u044f\\u043c\\u0438, \\u0442\\u0430\\u043a \\u0437\\u0430\\u0447\\u0430\\u0441\\u0442\\u0443\\u044e \\u0442\\u0430\\u043a\\u043e\\u0439 \\u0433\\u0440\\u0443\\u0437 \\u043d\\u0435\\u0432\\u043e\\u0437\\u043c\\u043e\\u0436\\u043d\\u043e \\u043f\\u0435\\u0440\\u0435\\u0432\\u0435\\u0437\\u0442\\u0438 \\u0441\\u0442\\u0430\\u043d\\u0434\\u0430\\u0440\\u0442\\u043d\\u044b\\u043c\\u0438 \\u0441\\u043f\\u043e\\u0441\\u043e\\u0431\\u0430\\u043c\\u0438.<\\/p>\",\"en\":\"<p>Such cargoes have non-standard dimensions,<br \\/>weight, volume, etc.<br \\/>Their transportation is associated with great difficulties, as such cargo is often impossible.<br \\/>transport by standard means.<\\/p>\",\"tu\":\"<p>Bu t&uuml;r kargolar\\u0131n standart d\\u0131\\u015f\\u0131 boyutlar\\u0131 vard\\u0131r,<br \\/>a\\u011f\\u0131rl\\u0131k, hacim vb.<br \\/>Nakliyeleri b&uuml;y&uuml;k zorluklarla ili\\u015fkilidir, &ccedil;&uuml;nk&uuml; bu t&uuml;r kargolar genellikle imkans\\u0131zd\\u0131r.<br \\/>standart yollarla nakliye.<\\/p>\"}', '{\"ru\":\"<div class=\\\"col-md-12 mb-5\\\">\\r\\n<div class=\\\"text-left\\\">\\r\\n<h4 class=\\\"h4-md mb-3 txt-blue fw-7\\\">\\u041f\\u0415\\u0420\\u0415\\u0412\\u041e\\u0417\\u041a\\u0410 \\u0421\\u0412\\u0415\\u0420\\u0425\\u0422\\u042f\\u0416\\u0401\\u041b\\u042b\\u0415 \\u0413\\u0420\\u0423\\u0417\\u042b<\\/h4>\\r\\n<p>\\u041f\\u0435\\u0440\\u0435\\u0432\\u043e\\u0437\\u043a\\u0430 \\u0442\\u044f\\u0436\\u0451\\u043b\\u044b\\u0445 \\u0433\\u0440\\u0443\\u0437\\u043e\\u0432 \\u041f\\u0435\\u0440\\u0435\\u0432\\u043e\\u0437\\u043a\\u0430 \\u0442\\u044f\\u0436\\u0435\\u043b\\u043e\\u0432\\u0435\\u0441\\u043d\\u044b\\u0445 \\u0433\\u0440\\u0443\\u0437\\u043e\\u0432 \\u043e\\u0441\\u0443\\u0449\\u0435\\u0441\\u0442\\u0432\\u043b\\u044f\\u0435\\u0442\\u0441\\u044f \\u0431\\u044b\\u0441\\u0442\\u0440\\u043e \\u0438 \\u043d\\u0435\\u0434\\u043e\\u0440\\u043e\\u0433\\u043e. \\u0412 \\u043f\\u0440\\u043e\\u0444\\u0435\\u0441\\u0441\\u0438\\u043e\\u043d\\u0430\\u043b\\u0438\\u0437\\u043c\\u0435 \\u0441\\u043e\\u0442\\u0440\\u0443\\u0434\\u043d\\u0438\\u043a\\u043e\\u0432 \\u0442\\u0440\\u0430\\u043d\\u0441\\u043f\\u043e\\u0440\\u0442\\u043d\\u043e\\u0439 \\u043a\\u043e\\u043c\\u043f\\u0430\\u043d\\u0438\\u0438 \\u043d\\u0435 \\u0441\\u043e\\u043c\\u043d\\u0435\\u0432\\u0430\\u0439\\u0442\\u0435\\u0441\\u044c. \\u0412\\u043e\\u0437\\u043c\\u043e\\u0436\\u043d\\u044b\\u0435 \\u0442\\u043e\\u0432\\u0430\\u0440\\u044b, \\u043a\\u043e\\u043d\\u0441\\u0442\\u0440\\u0443\\u043a\\u0446\\u0438\\u0438 \\u0438 \\u043f\\u0440\\u043e\\u0434\\u0443\\u043a\\u0446\\u0438\\u044f \\u043f\\u0440\\u0435\\u0434\\u043f\\u0440\\u0438\\u044f\\u0442\\u0438\\u0439:<\\/p>\\r\\n<h2><strong>\\u041d\\u0430\\u0448\\u0438 \\u0443\\u0441\\u043b\\u0443\\u0433\\u0438<\\/strong><\\/h2>\\r\\n<p>EOSTS &mdash; \\u044d\\u0442\\u043e \\u0448\\u0442\\u0430\\u0442 \\u043d\\u0430\\u0434\\u0435\\u0436\\u043d\\u044b\\u0445 \\u043f\\u0440\\u043e\\u0444\\u0435\\u0441\\u0441\\u0438\\u043e\\u043d\\u0430\\u043b\\u043e\\u0432, \\u0441\\u043f\\u0435\\u0446\\u0438\\u0430\\u043b\\u0438\\u0441\\u0442\\u043e\\u0432 \\u0441\\u0432\\u043e\\u0435\\u0433\\u043e \\u0434\\u0435\\u043b\\u0430, \\u043a\\u043e\\u0442\\u043e\\u0440\\u044b\\u0435 \\u0432\\u043e\\u0437\\u044c\\u043c\\u0443\\u0442 \\u043d\\u0430 \\u0441\\u0435\\u0431\\u044f \\u043e\\u0444\\u043e\\u0440\\u043c\\u043b\\u0435\\u043d\\u0438\\u0435 \\u043d\\u0435\\u043e\\u0431\\u0445\\u043e\\u0434\\u0438\\u043c\\u043e\\u0439 \\u0434\\u043e\\u043a\\u0443\\u043c\\u0435\\u043d\\u0442\\u0430\\u0446\\u0438\\u0438 \\u043d\\u0430 \\u043f\\u0435\\u0440\\u0435\\u0432\\u043e\\u0437\\u043a\\u0443 \\u0433\\u0440\\u0443\\u0437\\u043e\\u0432<\\/p>\\r\\n<ul>\\r\\n<li>\\u0412 \\u043d\\u0430\\u0448\\u0435\\u0439 \\u043a\\u043e\\u043c\\u043f\\u0430\\u043d\\u0438\\u0438 \\u043c\\u044b \\u0438\\u0441\\u043f\\u043e\\u043b\\u044c\\u0437\\u0443\\u0435\\u043c \\u0442\\u043e\\u043b\\u044c\\u043a\\u043e \\u0441\\u043e\\u0432\\u0440\\u0435\\u043c\\u0435\\u043d\\u043d\\u0443\\u044e \\u0442\\u0435\\u0445\\u043d\\u0438\\u043a\\u0443, \\u043e\\u0441\\u043d\\u0430\\u0449\\u0435\\u043d\\u043d\\u0443\\u044e \\u0441\\u043f\\u0435\\u0446\\u0438\\u0430\\u043b\\u044c\\u043d\\u044b\\u043c \\u043e\\u0431\\u043e\\u0440\\u0443\\u0434\\u043e\\u0432\\u0430\\u043d\\u0438\\u0435\\u043c, \\u043e\\u0431\\u043b\\u0435\\u0433\\u0447\\u0430\\u044e\\u0449\\u0438\\u043c \\u043f\\u043e\\u0433\\u0440\\u0443\\u0437\\u043a\\u0443 \\u0438 \\u0432\\u044b\\u0433\\u0440\\u0443\\u0437\\u043a\\u0438 \\u0442\\u044f\\u0436\\u0435\\u043b\\u043e\\u0432\\u0435\\u0441\\u043d\\u044b\\u0445 \\u0433\\u0440\\u0443\\u0437\\u043e\\u0432.<\\/li>\\r\\n<li>\\u041c\\u044b \\u043c\\u043e\\u0436\\u0435\\u043c \\u0442\\u0430\\u043a\\u0436\\u0435 \\u0441\\u0440\\u043e\\u0447\\u043d\\u043e \\u0434\\u043e\\u0441\\u0442\\u0430\\u0432\\u043b\\u044f\\u0442\\u044c \\u0433\\u0440\\u0443\\u0437\\u044b \\u0432\\u0435\\u0441\\u043e\\u043c \\u0434\\u043e * \\u0442\\u043e\\u043d\\u043d \\u0438 \\u0434\\u043b\\u0438\\u043d\\u043e\\u0439 \\u0434\\u043e * \\u043c\\u0435\\u0442\\u0440\\u043e\\u0432.<\\/li>\\r\\n<li>\\u041c\\u044b \\u043f\\u0435\\u0440\\u0435\\u0432\\u043e\\u0437\\u0438\\u043c \\u043f\\u043e \\u0437\\u0430\\u043a\\u043e\\u043d\\u0443 \\u0438 \\u043d\\u0435 \\u043f\\u043e\\u0440\\u0442\\u0438\\u043c \\u0434\\u043e\\u0440\\u043e\\u0436\\u043d\\u043e\\u0435 \\u043f\\u043e\\u043a\\u0440\\u044b\\u0442\\u0438\\u0435, \\u043d\\u0435 \\u043f\\u0440\\u0435\\u0432\\u044b\\u0448\\u0430\\u0435\\u043c \\u0440\\u0430\\u0437\\u0440\\u0435\\u0448\\u0435\\u043d\\u043d\\u0443\\u044e \\u043d\\u0430\\u0433\\u0440\\u0443\\u0437\\u043a\\u0443 \\u043d\\u0430 \\u043e\\u0441\\u044c.<\\/li>\\r\\n<li>\\u041f\\u0435\\u0440\\u0435\\u0432\\u043e\\u0437\\u043a\\u0430 \\u0442\\u044f\\u0436\\u0435\\u043b\\u044b\\u0445 \\u043d\\u0435\\u0433\\u0430\\u0431\\u0430\\u0440\\u0438\\u0442\\u043d\\u044b\\u0445 \\u043f\\u0440\\u0435\\u0434\\u043c\\u0435\\u0442\\u043e\\u0432 \\u0442\\u0440\\u0430\\u043b\\u0430\\u043c\\u0438 \\u043c\\u044b \\u0442\\u0430\\u043a\\u0436\\u0435 \\u0432\\u044b\\u043f\\u043e\\u043b\\u043d\\u044f\\u0435\\u043c \\u0431\\u044b\\u0441\\u0442\\u0440\\u043e \\u0438 \\u043d\\u0435\\u0434\\u043e\\u0440\\u043e\\u0433\\u043e \\u0441 \\u043e\\u0444\\u043e\\u0440\\u043c\\u043b\\u0435\\u043d\\u0438\\u0435\\u043c \\u0440\\u0430\\u0437\\u0440\\u0435\\u0448\\u0435\\u043d\\u0438\\u0439 \\u043d\\u0430 \\u043f\\u0440\\u043e\\u0435\\u0437\\u0434.<\\/li>\\r\\n<\\/ul>\\r\\n<\\/div>\\r\\n<\\/div>\\r\\n<div class=\\\"col-sm-6\\\">\\r\\n<h3 class=\\\"h3-md fw-7 mb-4 txt-blue\\\">\\u041f\\u0440\\u0435\\u0438\\u043c\\u0443\\u0449\\u0435\\u0441\\u0442\\u0432\\u0430 \\u0443\\u0441\\u043b\\u0443\\u0433<\\/h3>\\r\\n<ul class=\\\"list-unstyled icons-listing theme-orange mb-0\\\">\\r\\n<li>\\u0423\\u043f\\u0440\\u0430\\u0432\\u043b\\u0435\\u043d\\u0438\\u0435 \\u043f\\u043e\\u0441\\u0442\\u043e\\u044f\\u043d\\u043d\\u044b\\u043c \\u0443\\u043b\\u0443\\u0447\\u0448\\u0435\\u043d\\u0438\\u0435\\u043c<\\/li>\\r\\n<li>\\u0430\\u043a\\u0442\\u0438\\u0432\\u043d\\u043e\\u0435 \\u0441\\u043e\\u043e\\u0431\\u0449\\u0435\\u0441\\u0442\\u0432\\u043e \\u0441 \\u043f\\u0430\\u0440\\u0442\\u043d\\u0435\\u0440\\u043e\\u043c<\\/li>\\r\\n<li>\\u043a\\u0440\\u0443\\u0433\\u043b\\u043e\\u0441\\u0443\\u0442\\u0438\\u0447\\u043d\\u043e \\u043a\\u043e\\u043d\\u0442\\u0430\\u043a\\u0442\\u0438\\u0440\\u043e\\u0432\\u0430\\u0442\\u044c \\u0441 \\u043a\\u043b\\u0438\\u0435\\u043d\\u0442\\u043e\\u043c<\\/li>\\r\\n<li>Clearance and compliance service<\\/li>\\r\\n<li>Clearance and compliance service<\\/li>\\r\\n<\\/ul>\\r\\n<\\/div>\\r\\n<div class=\\\"col-sm-6\\\"><img class=\\\"rounded mb-4\\\" src=\\\"https:\\/\\/www.handling-network.com\\/wp-content\\/uploads\\/2012\\/08\\/Storage-Systems-Dublin.jpg\\\" alt=\\\"\\\" \\/><\\/div>\\r\\n<div class=\\\"col-sm-12 mb-4\\\">\\r\\n<h3 class=\\\"h3-md fw-7 mb-4 txt-blue\\\">More information<\\/h3>\\r\\n<div class=\\\"theme-collapse arrow-right-border\\\">\\r\\n<div class=\\\"toggle\\\">What is do i have to tell you a few lorem?<\\/div>\\r\\n<div class=\\\"collapse\\\">\\r\\n<div class=\\\"content\\\">Nunc non mollis nulla. Sed tconsectetur elit id mi consectetur bibendum. Aenean sollicitudin. Proin gravida nibh vel velit auctor aliquet. Aenean sollicitudin, lorem quis. Vivamus ac ultrices diam,<\\/div>\\r\\n<\\/div>\\r\\n<div class=\\\"toggle\\\">I have a technical problem or support issue I need resolved, who do I email?<\\/div>\\r\\n<div class=\\\"collapse\\\">\\r\\n<div class=\\\"content\\\">Nunc non mollis nulla. Sed tconsectetur elit id mi consectetur bibendum. Aenean sollicitudin. Proin gravida nibh vel velit auctor aliquet. Aenean sollicitudin, lorem quis. Vivamus ac ultrices diam,<\\/div>\\r\\n<\\/div>\\r\\n<div class=\\\"toggle\\\">What other services are you compatible with?<\\/div>\\r\\n<div class=\\\"collapse\\\">\\r\\n<div class=\\\"content\\\">Nunc non mollis nulla. Sed tconsectetur elit id mi consectetur bibendum. Aenean sollicitudin. Proin gravida nibh vel velit auctor aliquet. Aenean sollicitudin, lorem quis. Vivamus ac ultrices diam,<\\/div>\\r\\n<\\/div>\\r\\n<\\/div>\\r\\n<\\/div>\\r\\n<div class=\\\"col-sm-12 mb-4\\\">\\r\\n<h3 class=\\\"h3-md fw-7 mb-4\\\">Still open questions?<\\/h3>\\r\\n<a class=\\\"mr-2 mb-3 btn-theme bg-orange\\\" href=\\\"#\\\">Ask Now <\\/a><\\/div>\",\"en\":\"<div class=\\\"col-md-12 mb-5\\\">\\r\\n<div class=\\\"text-left\\\">\\r\\n<h4 class=\\\"h4-md mb-3 txt-blue fw-7\\\">EXTRA HEAVY CARGO TRANSPORTATION<\\/h4>\\r\\n<p>Heavy cargo transportation Heavy cargo transportation is fast and inexpensive. Do not doubt the professionalism of the transport company employees. Possible products, designs and products of enterprises:<\\/p>\\r\\n<h2><strong> Our Services <\\/strong><\\/h2>\\r\\n<p>EOSTS &amp; mdash; it is a staff of reliable professionals, specialists in their field, who will undertake the preparation of the necessary documentation for the transportation of goods<\\/p>\\r\\n<ul>\\r\\n<li>In our company, we use only modern technology, equipped with special equipment that facilitates the loading and unloading of heavy cargo.<\\/li>\\r\\n<li>We can also urgently deliver goods weighing up to * tons and up to * meters in length.<\\/li>\\r\\n<li>We transport legally and do not damage the road surface, do not exceed the permitted axle load.<\\/li>\\r\\n<li>We also carry out the transportation of heavy oversized items by trawls quickly and inexpensively with the registration of travel permits.<\\/li>\\r\\n<\\/ul>\\r\\n<\\/div>\\r\\n<\\/div>\\r\\n<div class=\\\"col-sm-6\\\">\\r\\n<h3 class=\\\"h3-md fw-7 mb-4 txt-blue\\\">Service benefits<\\/h3>\\r\\n<ul class=\\\"list-unstyled icons-listing theme-orange mb-0\\\">\\r\\n<li>Management of continual improvement<\\/li>\\r\\n<li>active community with a partner<\\/li>\\r\\n<li>to communicate with the client in a round-the-clock manner<\\/li>\\r\\n<li>Clearance and compliance service<\\/li>\\r\\n<li>Clearance and compliance service<\\/li>\\r\\n<\\/ul>\\r\\n<\\/div>\\r\\n<div class=\\\"col-sm-6\\\"><img class=\\\"rounded mb-4\\\" src=\\\"https:\\/\\/www.handling-network.com\\/wp-content\\/uploads\\/2012\\/08\\/Storage-Systems-Dublin.jpg\\\" alt=\\\"\\\" \\/><\\/div>\\r\\n<div class=\\\"col-sm-12 mb-4\\\">\\r\\n<h3 class=\\\"h3-md fw-7 mb-4 txt-blue\\\">More information<\\/h3>\\r\\n<div class=\\\"theme-collapse arrow-right-border\\\">\\r\\n<div class=\\\"toggle\\\">What is do i have to tell you a few lorem?<\\/div>\\r\\n<div class=\\\"collapse\\\">\\r\\n<div class=\\\"content\\\">Nunc non mollis nulla. Sed tconsectetur elit id mi consectetur bibendum. Aenean sollicitudin. Proin gravida nibh vel velit auctor aliquet. Aenean sollicitudin, lorem quis. Vivamus ac ultrices diam,<\\/div>\\r\\n<\\/div>\\r\\n<div class=\\\"toggle\\\">I have a technical problem or support issue I need resolved, who do I email?<\\/div>\\r\\n<div class=\\\"collapse\\\">\\r\\n<div class=\\\"content\\\">Nunc non mollis nulla. Sed tconsectetur elit id mi consectetur bibendum. Aenean sollicitudin. Proin gravida nibh vel velit auctor aliquet. Aenean sollicitudin, lorem quis. Vivamus ac ultrices diam,<\\/div>\\r\\n<\\/div>\\r\\n<div class=\\\"toggle\\\">What other services are you compatible with?<\\/div>\\r\\n<div class=\\\"collapse\\\">\\r\\n<div class=\\\"content\\\">Nunc non mollis nulla. Sed tconsectetur elit id mi consectetur bibendum. Aenean sollicitudin. Proin gravida nibh vel velit auctor aliquet. Aenean sollicitudin, lorem quis. Vivamus ac ultrices diam,<\\/div>\\r\\n<\\/div>\\r\\n<\\/div>\\r\\n<\\/div>\\r\\n<div class=\\\"col-sm-12 mb-4\\\">\\r\\n<h3 class=\\\"h3-md fw-7 mb-4\\\">Still open questions?<\\/h3>\\r\\n<a class=\\\"mr-2 mb-3 btn-theme bg-orange\\\" href=\\\"#\\\">Ask Now <\\/a><\\/div>\",\"tu\":\"<div>\\r\\n<div class=\\\"text-left\\\">\\r\\n<h4 class=\\\"h4-md mb-3 txt-blue fw-7\\\">EKSTRA A\\u011eIR KARGO TA\\u015eIMACILI\\u011eI<\\/h4>\\r\\n<p>A\\u011f\\u0131r y&uuml;k ta\\u015f\\u0131mac\\u0131l\\u0131\\u011f\\u0131 A\\u011f\\u0131r y&uuml;k ta\\u015f\\u0131mac\\u0131l\\u0131\\u011f\\u0131 h\\u0131zl\\u0131 ve ucuzdur. Nakliye \\u015firketi &ccedil;al\\u0131\\u015fanlar\\u0131n\\u0131n profesyonelli\\u011finden \\u015f&uuml;pheniz olmas\\u0131n. \\u0130\\u015fletmelerin olas\\u0131 &uuml;r&uuml;nleri, tasar\\u0131mlar\\u0131 ve &uuml;r&uuml;nleri:<\\/p>\\r\\n<h2><strong> Hizmetlerimiz <\\/strong><\\/h2>\\r\\n<p>EOSTS &amp; mdash; e\\u015fya ta\\u015f\\u0131mac\\u0131l\\u0131\\u011f\\u0131 i&ccedil;in gerekli evraklar\\u0131n haz\\u0131rlanmas\\u0131n\\u0131 &uuml;stlenecek, alan\\u0131nda uzman, g&uuml;venilir profesyonellerden olu\\u015fan bir kadrodur<\\/p>\\r\\n<ul>\\r\\n<li>\\u015eirketimizde a\\u011f\\u0131r y&uuml;klerin y&uuml;klenmesini ve bo\\u015falt\\u0131lmas\\u0131n\\u0131 kolayla\\u015ft\\u0131ran &ouml;zel ekipmanlarla donat\\u0131lm\\u0131\\u015f sadece modern teknolojiyi kullan\\u0131yoruz.<\\/li>\\r\\n<li>Ayr\\u0131ca * tona kadar ve * metre uzunlu\\u011fa kadar mallar\\u0131 acilen teslim edebiliriz.<\\/li>\\r\\n<li>Yasal olarak ta\\u015f\\u0131yoruz ve yol y&uuml;zeyine zarar vermiyoruz, izin verilen dingil y&uuml;k&uuml;n&uuml; a\\u015fm\\u0131yoruz.<\\/li>\\r\\n<li>A\\u011f\\u0131r gabarilerin de trollerle ta\\u015f\\u0131nmas\\u0131n\\u0131 seyahat izinlerinin tescili ile h\\u0131zl\\u0131 ve ucuz bir \\u015fekilde ger&ccedil;ekle\\u015ftiriyoruz.<\\/li>\\r\\n<\\/ul>\\r\\n<\\/div>\\r\\n<\\/div>\\r\\n<div>\\r\\n<h3 class=\\\"h3-md fw-7 mb-4 txt-blue\\\">Hizmet avantajlar\\u0131<\\/h3>\\r\\n<ul class=\\\"liste-stilsiz simgeler-listeleme temas\\u0131-turuncu mb-0\\\">\\r\\n<li>S&uuml;rekli iyile\\u015ftirmenin y&ouml;netimi<\\/li>\\r\\n<li>bir ortakla aktif topluluk<\\/li>\\r\\n<li>m&uuml;\\u015fteriyle g&uuml;n&uuml;n 24 saati ileti\\u015fim kurmak i&ccedil;in<\\/li>\\r\\n<li>Onay ve uyumluluk hizmeti<\\/li>\\r\\n<li>Onay ve uyumluluk hizmeti<\\/li>\\r\\n<\\/ul>\\r\\n<\\/div>\\r\\n<div class=\\\"col-sm-6\\\"><img class=\\\"yuvarlak mb-4\\\" src=\\\"https:\\/\\/www.handling-network.com\\/wp-content\\/uploads\\/2012\\/08\\/Storage-Systems-Dublin.jpg\\\" alt=\\\"\\\" \\/><\\/div>\\r\\n<div class=\\\"col-sm-12 mb-4\\\">\\r\\n<h3 class=\\\"h3-md fw-7 mb-4 txt-blue\\\">More information<\\/h3>\\r\\n<div class=\\\"theme-collapse arrow-right-border\\\">\\r\\n<div class=\\\"toggle\\\">What is do i have to tell you a few lorem?<\\/div>\\r\\n<div class=\\\"collapse\\\">\\r\\n<div class=\\\"content\\\">Nunc non mollis nulla. Sed tconsectetur elit id mi consectetur bibendum. Aenean sollicitudin. Proin gravida nibh vel velit auctor aliquet. Aenean sollicitudin, lorem quis. Vivamus ac ultrices diam,<\\/div>\\r\\n<\\/div>\\r\\n<div class=\\\"toggle\\\">I have a technical problem or support issue I need resolved, who do I email?<\\/div>\\r\\n<div class=\\\"collapse\\\">\\r\\n<div class=\\\"content\\\">Nunc non mollis nulla. Sed tconsectetur elit id mi consectetur bibendum. Aenean sollicitudin. Proin gravida nibh vel velit auctor aliquet. Aenean sollicitudin, lorem quis. Vivamus ac ultrices diam,<\\/div>\\r\\n<\\/div>\\r\\n<div class=\\\"toggle\\\">What other services are you compatible with?<\\/div>\\r\\n<div class=\\\"collapse\\\">\\r\\n<div class=\\\"content\\\">Nunc non mollis nulla. Sed tconsectetur elit id mi consectetur bibendum. Aenean sollicitudin. Proin gravida nibh vel velit auctor aliquet. Aenean sollicitudin, lorem quis. Vivamus ac ultrices diam,<\\/div>\\r\\n<\\/div>\\r\\n<\\/div>\\r\\n<\\/div>\\r\\n<div class=\\\"col-sm-12 mb-4\\\">\\r\\n<h3 class=\\\"h3-md fw-7 mb-4\\\">Still open questions?<\\/h3>\\r\\n<a class=\\\"mr-2 mb-3 btn-theme bg-orange\\\" href=\\\"#\\\">Ask Now <\\/a><\\/div>\"}', '{\"max\":\"max_rxdxbyoagnvaltfi2uhl.jpg\",\"min\":\"min_rxdxbyoagnvaltfi2uhl.jpg\"}', 2, '2021-11-14 02:33:52', '2021-11-14 05:35:47'),
(5, '{\"ru\":\"\\u0421\\u0442\\u0440\\u0430\\u0445\\u043e\\u0432\\u0430\\u043d\\u0438\\u0435 \\u0433\\u0440\\u0443\\u0437\\u043e\\u043f\\u0435\\u0440\\u0435\\u0432\\u043e\\u0437\\u043a\\u0438\",\"en\":\"Cargo insurance\",\"tu\":\"Kargo sigortas\\u0131\"}', '{\"ru\":\"<p>\\u041e\\u0434\\u0438\\u043d \\u0438\\u0437 \\u0432\\u0430\\u0436\\u043d\\u0435\\u0439\\u0448\\u0438\\u0445 \\u0444\\u0430\\u043a\\u0442\\u043e\\u0440\\u043e\\u0432 \\u0432 \\u0442\\u0440\\u0430\\u043d\\u0441\\u043f\\u043e\\u0440\\u0442\\u0438\\u0440\\u043e\\u0432\\u043a\\u0435 - \\u044d\\u0442\\u043e \\u0441\\u0442\\u0440\\u0430\\u0445\\u043e\\u0432\\u0430\\u043d\\u0438\\u0435 \\u0433\\u0440\\u0443\\u0437\\u043e\\u0432.\\u041f\\u043e\\u044d\\u0442\\u043e\\u043c\\u0443 \\u043c\\u044b \\u043f\\u0440\\u0435\\u0434\\u043b\\u0430\\u0433\\u0430\\u0435\\u043c 3 \\u0432\\u0438\\u0434\\u0430 \\u0443\\u0441\\u043b\\u0443\\u0433 \\u0441\\u0442\\u0440\\u0430\\u0445\\u043e\\u0432\\u0430\\u043d\\u0438\\u044f \\u0433\\u0440\\u0443\\u0437\\u043e\\u0432<\\/p>\",\"en\":\"<p>One of the most important factors in transportation is cargo insurance, which is why we offer 3 types of cargo insurance services.<\\/p>\",\"tu\":\"<p>Ta\\u015f\\u0131mac\\u0131l\\u0131kta en &ouml;nemli unsurlardan biri kargo sigortas\\u0131d\\u0131r, bu nedenle 3 &ccedil;e\\u015fit kargo sigortas\\u0131 hizmeti sunuyoruz.<\\/p>\"}', '{\"ru\":\"<div class=\\\"col-md-12 mb-5\\\">\\r\\n<div class=\\\"text-left\\\">\\r\\n<h4 class=\\\"h4-md mb-3 txt-orange fw-7\\\">\\u0421\\u0442\\u0440\\u0430\\u0445\\u043e\\u0432\\u0430\\u043d\\u0438\\u0435 \\u043f\\u0435\\u0440\\u0435\\u0432\\u043e\\u0437\\u043a\\u0430 \\u0433\\u0440\\u0443\\u0437\\u043e\\u0432<\\/h4>\\r\\n<p>\\u0421\\u0442\\u0440\\u0430\\u0445\\u043e\\u0432\\u0430\\u043d\\u0438\\u0435 \\u043f\\u0435\\u0440\\u0435\\u0432\\u043e\\u0437\\u043a\\u0430 \\u0433\\u0440\\u0443\\u0437\\u043e\\u0432 \\u041f\\u0435\\u0440\\u0435\\u0432\\u043e\\u0437\\u043a\\u0430 \\u0442\\u044f\\u0436\\u0435\\u043b\\u043e\\u0432\\u0435\\u0441\\u043d\\u044b\\u0445 \\u0433\\u0440\\u0443\\u0437\\u043e\\u0432 \\u043e\\u0441\\u0443\\u0449\\u0435\\u0441\\u0442\\u0432\\u043b\\u044f\\u0435\\u0442\\u0441\\u044f \\u0431\\u044b\\u0441\\u0442\\u0440\\u043e \\u0438 \\u043d\\u0435\\u0434\\u043e\\u0440\\u043e\\u0433\\u043e. \\u0412 \\u043f\\u0440\\u043e\\u0444\\u0435\\u0441\\u0441\\u0438\\u043e\\u043d\\u0430\\u043b\\u0438\\u0437\\u043c\\u0435 \\u0441\\u043e\\u0442\\u0440\\u0443\\u0434\\u043d\\u0438\\u043a\\u043e\\u0432 \\u0442\\u0440\\u0430\\u043d\\u0441\\u043f\\u043e\\u0440\\u0442\\u043d\\u043e\\u0439 \\u043a\\u043e\\u043c\\u043f\\u0430\\u043d\\u0438\\u0438 \\u043d\\u0435 \\u0441\\u043e\\u043c\\u043d\\u0435\\u0432\\u0430\\u0439\\u0442\\u0435\\u0441\\u044c. \\u0412\\u043e\\u0437\\u043c\\u043e\\u0436\\u043d\\u044b\\u0435 \\u0442\\u043e\\u0432\\u0430\\u0440\\u044b, \\u043a\\u043e\\u043d\\u0441\\u0442\\u0440\\u0443\\u043a\\u0446\\u0438\\u0438 \\u0438 \\u043f\\u0440\\u043e\\u0434\\u0443\\u043a\\u0446\\u0438\\u044f \\u043f\\u0440\\u0435\\u0434\\u043f\\u0440\\u0438\\u044f\\u0442\\u0438\\u0439:<\\/p>\\r\\n<h2><strong>\\u041d\\u0430\\u0448\\u0438 \\u0443\\u0441\\u043b\\u0443\\u0433\\u0438<\\/strong><\\/h2>\\r\\n<p>EOSTS &mdash; \\u044d\\u0442\\u043e \\u0448\\u0442\\u0430\\u0442 \\u043d\\u0430\\u0434\\u0435\\u0436\\u043d\\u044b\\u0445 \\u043f\\u0440\\u043e\\u0444\\u0435\\u0441\\u0441\\u0438\\u043e\\u043d\\u0430\\u043b\\u043e\\u0432, \\u0441\\u043f\\u0435\\u0446\\u0438\\u0430\\u043b\\u0438\\u0441\\u0442\\u043e\\u0432 \\u0441\\u0432\\u043e\\u0435\\u0433\\u043e \\u0434\\u0435\\u043b\\u0430, \\u043a\\u043e\\u0442\\u043e\\u0440\\u044b\\u0435 \\u0432\\u043e\\u0437\\u044c\\u043c\\u0443\\u0442 \\u043d\\u0430 \\u0441\\u0435\\u0431\\u044f \\u043e\\u0444\\u043e\\u0440\\u043c\\u043b\\u0435\\u043d\\u0438\\u0435 \\u043d\\u0435\\u043e\\u0431\\u0445\\u043e\\u0434\\u0438\\u043c\\u043e\\u0439 \\u0434\\u043e\\u043a\\u0443\\u043c\\u0435\\u043d\\u0442\\u0430\\u0446\\u0438\\u0438 \\u043d\\u0430 \\u043f\\u0435\\u0440\\u0435\\u0432\\u043e\\u0437\\u043a\\u0443 \\u0433\\u0440\\u0443\\u0437\\u043e\\u0432<\\/p>\\r\\n<ul>\\r\\n<li>\\u0412 \\u043d\\u0430\\u0448\\u0435\\u0439 \\u043a\\u043e\\u043c\\u043f\\u0430\\u043d\\u0438\\u0438 \\u043c\\u044b \\u0438\\u0441\\u043f\\u043e\\u043b\\u044c\\u0437\\u0443\\u0435\\u043c \\u0442\\u043e\\u043b\\u044c\\u043a\\u043e \\u0441\\u043e\\u0432\\u0440\\u0435\\u043c\\u0435\\u043d\\u043d\\u0443\\u044e \\u0442\\u0435\\u0445\\u043d\\u0438\\u043a\\u0443, \\u043e\\u0441\\u043d\\u0430\\u0449\\u0435\\u043d\\u043d\\u0443\\u044e \\u0441\\u043f\\u0435\\u0446\\u0438\\u0430\\u043b\\u044c\\u043d\\u044b\\u043c \\u043e\\u0431\\u043e\\u0440\\u0443\\u0434\\u043e\\u0432\\u0430\\u043d\\u0438\\u0435\\u043c, \\u043e\\u0431\\u043b\\u0435\\u0433\\u0447\\u0430\\u044e\\u0449\\u0438\\u043c \\u043f\\u043e\\u0433\\u0440\\u0443\\u0437\\u043a\\u0443 \\u0438 \\u0432\\u044b\\u0433\\u0440\\u0443\\u0437\\u043a\\u0438 \\u0442\\u044f\\u0436\\u0435\\u043b\\u043e\\u0432\\u0435\\u0441\\u043d\\u044b\\u0445 \\u0433\\u0440\\u0443\\u0437\\u043e\\u0432.<\\/li>\\r\\n<li>\\u041c\\u044b \\u043c\\u043e\\u0436\\u0435\\u043c \\u0442\\u0430\\u043a\\u0436\\u0435 \\u0441\\u0440\\u043e\\u0447\\u043d\\u043e \\u0434\\u043e\\u0441\\u0442\\u0430\\u0432\\u043b\\u044f\\u0442\\u044c \\u0433\\u0440\\u0443\\u0437\\u044b \\u0432\\u0435\\u0441\\u043e\\u043c \\u0434\\u043e * \\u0442\\u043e\\u043d\\u043d \\u0438 \\u0434\\u043b\\u0438\\u043d\\u043e\\u0439 \\u0434\\u043e * \\u043c\\u0435\\u0442\\u0440\\u043e\\u0432.<\\/li>\\r\\n<li>\\u041c\\u044b \\u043f\\u0435\\u0440\\u0435\\u0432\\u043e\\u0437\\u0438\\u043c \\u043f\\u043e \\u0437\\u0430\\u043a\\u043e\\u043d\\u0443 \\u0438 \\u043d\\u0435 \\u043f\\u043e\\u0440\\u0442\\u0438\\u043c \\u0434\\u043e\\u0440\\u043e\\u0436\\u043d\\u043e\\u0435 \\u043f\\u043e\\u043a\\u0440\\u044b\\u0442\\u0438\\u0435, \\u043d\\u0435 \\u043f\\u0440\\u0435\\u0432\\u044b\\u0448\\u0430\\u0435\\u043c \\u0440\\u0430\\u0437\\u0440\\u0435\\u0448\\u0435\\u043d\\u043d\\u0443\\u044e \\u043d\\u0430\\u0433\\u0440\\u0443\\u0437\\u043a\\u0443 \\u043d\\u0430 \\u043e\\u0441\\u044c.<\\/li>\\r\\n<li>\\u041f\\u0435\\u0440\\u0435\\u0432\\u043e\\u0437\\u043a\\u0430 \\u0442\\u044f\\u0436\\u0435\\u043b\\u044b\\u0445 \\u043d\\u0435\\u0433\\u0430\\u0431\\u0430\\u0440\\u0438\\u0442\\u043d\\u044b\\u0445 \\u043f\\u0440\\u0435\\u0434\\u043c\\u0435\\u0442\\u043e\\u0432 \\u0442\\u0440\\u0430\\u043b\\u0430\\u043c\\u0438 \\u043c\\u044b \\u0442\\u0430\\u043a\\u0436\\u0435 \\u0432\\u044b\\u043f\\u043e\\u043b\\u043d\\u044f\\u0435\\u043c \\u0431\\u044b\\u0441\\u0442\\u0440\\u043e \\u0438 \\u043d\\u0435\\u0434\\u043e\\u0440\\u043e\\u0433\\u043e \\u0441 \\u043e\\u0444\\u043e\\u0440\\u043c\\u043b\\u0435\\u043d\\u0438\\u0435\\u043c \\u0440\\u0430\\u0437\\u0440\\u0435\\u0448\\u0435\\u043d\\u0438\\u0439 \\u043d\\u0430 \\u043f\\u0440\\u043e\\u0435\\u0437\\u0434.<\\/li>\\r\\n<\\/ul>\\r\\n<\\/div>\\r\\n<\\/div>\\r\\n<div class=\\\"col-sm-6\\\">\\r\\n<h3 class=\\\"h3-md fw-7 mb-4 txt-blue\\\">\\u041f\\u0440\\u0435\\u0438\\u043c\\u0443\\u0449\\u0435\\u0441\\u0442\\u0432\\u0430 \\u0443\\u0441\\u043b\\u0443\\u0433<\\/h3>\\r\\n<ul class=\\\"list-unstyled icons-listing theme-orange mb-0\\\">\\r\\n<li>\\u0423\\u043f\\u0440\\u0430\\u0432\\u043b\\u0435\\u043d\\u0438\\u0435 \\u043f\\u043e\\u0441\\u0442\\u043e\\u044f\\u043d\\u043d\\u044b\\u043c \\u0443\\u043b\\u0443\\u0447\\u0448\\u0435\\u043d\\u0438\\u0435\\u043c<\\/li>\\r\\n<li>\\u0430\\u043a\\u0442\\u0438\\u0432\\u043d\\u043e\\u0435 \\u0441\\u043e\\u043e\\u0431\\u0449\\u0435\\u0441\\u0442\\u0432\\u043e \\u0441 \\u043f\\u0430\\u0440\\u0442\\u043d\\u0435\\u0440\\u043e\\u043c<\\/li>\\r\\n<li>\\u043a\\u0440\\u0443\\u0433\\u043b\\u043e\\u0441\\u0443\\u0442\\u0438\\u0447\\u043d\\u043e \\u043a\\u043e\\u043d\\u0442\\u0430\\u043a\\u0442\\u0438\\u0440\\u043e\\u0432\\u0430\\u0442\\u044c \\u0441 \\u043a\\u043b\\u0438\\u0435\\u043d\\u0442\\u043e\\u043c<\\/li>\\r\\n<li>Clearance and compliance service<\\/li>\\r\\n<li>Clearance and compliance service<\\/li>\\r\\n<\\/ul>\\r\\n<\\/div>\\r\\n<div class=\\\"col-sm-6\\\"><img class=\\\"rounded mb-4\\\" src=\\\"\\/storage\\/photos\\/1\\/uslugi\\/truck-inspection-safety-driver-hand-260nw-1182106255[1].jpg\\\" alt=\\\"\\\" \\/><\\/div>\\r\\n<div class=\\\"col-sm-12 mb-4\\\">\\r\\n<h3 class=\\\"h3-md fw-7 mb-4 txt-blue\\\">More information<\\/h3>\\r\\n<div class=\\\"theme-collapse arrow-right-border\\\">\\r\\n<div class=\\\"toggle\\\">What is do i have to tell you a few lorem?<\\/div>\\r\\n<div class=\\\"collapse\\\">\\r\\n<div class=\\\"content\\\">Nunc non mollis nulla. Sed tconsectetur elit id mi consectetur bibendum. Aenean sollicitudin. Proin gravida nibh vel velit auctor aliquet. Aenean sollicitudin, lorem quis. Vivamus ac ultrices diam,<\\/div>\\r\\n<\\/div>\\r\\n<div class=\\\"toggle\\\">I have a technical problem or support issue I need resolved, who do I email?<\\/div>\\r\\n<div class=\\\"collapse\\\">\\r\\n<div class=\\\"content\\\">Nunc non mollis nulla. Sed tconsectetur elit id mi consectetur bibendum. Aenean sollicitudin. Proin gravida nibh vel velit auctor aliquet. Aenean sollicitudin, lorem quis. Vivamus ac ultrices diam,<\\/div>\\r\\n<\\/div>\\r\\n<div class=\\\"toggle\\\">What other services are you compatible with?<\\/div>\\r\\n<div class=\\\"collapse\\\">\\r\\n<div class=\\\"content\\\">Nunc non mollis nulla. Sed tconsectetur elit id mi consectetur bibendum. Aenean sollicitudin. Proin gravida nibh vel velit auctor aliquet. Aenean sollicitudin, lorem quis. Vivamus ac ultrices diam,<\\/div>\\r\\n<\\/div>\\r\\n<\\/div>\\r\\n<\\/div>\\r\\n<div class=\\\"col-sm-12 mb-4\\\">\\r\\n<h3 class=\\\"h3-md fw-7 mb-4\\\">Still open questions?<\\/h3>\\r\\n<a class=\\\"mr-2 mb-3 btn-theme bg-orange\\\" href=\\\"#\\\">Ask Now <\\/a><\\/div>\",\"en\":\"<div class=\\\"col-md-12 mb-5\\\">\\r\\n<div class=\\\"text-left\\\">\\r\\n<h4 class=\\\"h4-md mb-3 txt-orange fw-7\\\">Cargo transportation insurance<\\/h4>\\r\\n<p>Insurance transportation of goods Transportation of heavy goods is carried out quickly and inexpensively. Do not doubt the professionalism of the transport company employees. Possible products, designs and products of enterprises:<\\/p>\\r\\n<h2><strong> Our Services <\\/strong><\\/h2>\\r\\n<p>EOSTS &amp; mdash; it is a staff of reliable professionals, specialists in their field, who will undertake the preparation of the necessary documentation for the transportation of goods<\\/p>\\r\\n<ul>\\r\\n<li>In our company, we use only modern technology, equipped with special equipment that facilitates the loading and unloading of heavy cargo.<\\/li>\\r\\n<li>. We can also urgently deliver goods weighing up to * tons and up to * meters in length.<\\/li>\\r\\n<li>We transport legally and do not damage the road surface, do not exceed the permitted axle load.<\\/li>\\r\\n<li>We also carry out the transportation of heavy oversized items by trawls quickly and inexpensively with the registration of travel permits.<\\/li>\\r\\n<\\/ul>\\r\\n<\\/div>\\r\\n<\\/div>\\r\\n<div class=\\\"col-sm-6\\\">\\r\\n<h3 class=\\\"h3-md fw-7 mb-4 txt-blue\\\">Service benefits<\\/h3>\\r\\n<ul class=\\\"list-unstyled icons-listing theme-orange mb-0\\\">\\r\\n<li>Management of continual improvement<\\/li>\\r\\n<li>active community with a partner<\\/li>\\r\\n<li>to communicate with the client in a round-the-clock manner<\\/li>\\r\\n<li>Clearance and compliance service<\\/li>\\r\\n<li>Clearance and compliance service<\\/li>\\r\\n<\\/ul>\\r\\n<\\/div>\\r\\n<div class=\\\"col-sm-6\\\"><img class=\\\"rounded mb-4\\\" src=\\\"\\/storage\\/photos\\/1\\/uslugi\\/truck-inspection-safety-driver-hand-260nw-1182106255[1].jpg\\\" alt=\\\" \\\" \\/><\\/div>\\r\\n<div class=\\\"col-sm-12 mb-4\\\">\\r\\n<h3 class=\\\"h3-md fw-7 mb-4 txt-blue\\\">More information<\\/h3>\\r\\n<div class=\\\"theme-collapse arrow-right-border\\\">\\r\\n<div class=\\\"toggle\\\">What is do i have to tell you a few lorem?<\\/div>\\r\\n<div class=\\\"collapse\\\">\\r\\n<div class=\\\"content\\\">Nunc non mollis nulla. Sed tconsectetur elit id mi consectetur bibendum. Aenean sollicitudin. Proin gravida nibh vel velit auctor aliquet. Aenean sollicitudin, lorem quis. Vivamus ac ultrices diam,<\\/div>\\r\\n<\\/div>\\r\\n<div class=\\\"toggle\\\">I have a technical problem or support issue I need resolved, who do I email?<\\/div>\\r\\n<div class=\\\"collapse\\\">\\r\\n<div class=\\\"content\\\">Nunc non mollis nulla. Sed tconsectetur elit id mi consectetur bibendum. Aenean sollicitudin. Proin gravida nibh vel velit auctor aliquet. Aenean sollicitudin, lorem quis. Vivamus ac ultrices diam,<\\/div>\\r\\n<\\/div>\\r\\n<div class=\\\"toggle\\\">What other services are you compatible with?<\\/div>\\r\\n<div class=\\\"collapse\\\">\\r\\n<div class=\\\"content\\\">Nunc non mollis nulla. Sed tconsectetur elit id mi consectetur bibendum. Aenean sollicitudin. Proin gravida nibh vel velit auctor aliquet. Aenean sollicitudin, lorem quis. Vivamus ac ultrices diam,<\\/div>\\r\\n<\\/div>\\r\\n<\\/div>\\r\\n<\\/div>\\r\\n<div class=\\\"col-sm-12 mb-4\\\">\\r\\n<h3 class=\\\"h3-md fw-7 mb-4\\\">Still open questions?<\\/h3>\\r\\n<a class=\\\"mr-2 mb-3 btn-theme bg-orange\\\" href=\\\"#\\\">Ask Now <\\/a><\\/div>\",\"tu\":\"<div>\\r\\n<div class=\\\"metin-sol\\\">\\r\\n<h4 class=\\\"h4-md mb-3 txt-orange fw-7\\\">Kargo ta\\u015f\\u0131mac\\u0131l\\u0131\\u011f\\u0131 sigortas\\u0131<\\/h4>\\r\\n<p>Sigortal\\u0131 e\\u015fya ta\\u015f\\u0131mac\\u0131l\\u0131\\u011f\\u0131 A\\u011f\\u0131r e\\u015fya ta\\u015f\\u0131mac\\u0131l\\u0131\\u011f\\u0131 h\\u0131zl\\u0131 ve ucuz bir \\u015fekilde ger&ccedil;ekle\\u015ftirilir. Nakliye \\u015firketi &ccedil;al\\u0131\\u015fanlar\\u0131n\\u0131n profesyonelli\\u011finden \\u015f&uuml;pheniz olmas\\u0131n. \\u0130\\u015fletmelerin olas\\u0131 &uuml;r&uuml;nleri, tasar\\u0131mlar\\u0131 ve &uuml;r&uuml;nleri:<\\/p>\\r\\n<h2><strong> Hizmetlerimiz <\\/strong><\\/h2>\\r\\n<p>EOSTS &amp; mdash; e\\u015fya ta\\u015f\\u0131mac\\u0131l\\u0131\\u011f\\u0131 i&ccedil;in gerekli evraklar\\u0131n haz\\u0131rlanmas\\u0131n\\u0131 &uuml;stlenecek, alan\\u0131nda uzman, g&uuml;venilir profesyonellerden olu\\u015fan bir kadrodur<\\/p>\\r\\n<ul>\\r\\n<li>\\u015eirketimizde a\\u011f\\u0131r y&uuml;klerin y&uuml;klenmesini ve bo\\u015falt\\u0131lmas\\u0131n\\u0131 kolayla\\u015ft\\u0131ran &ouml;zel ekipmanlarla donat\\u0131lm\\u0131\\u015f sadece modern teknolojiyi kullan\\u0131yoruz.<\\/li>\\r\\n<li>Ayr\\u0131ca * tona kadar ve * metre uzunlu\\u011fa kadar mallar\\u0131 acilen teslim edebiliriz.<\\/li>\\r\\n<li>Yasal olarak ta\\u015f\\u0131yoruz ve yol y&uuml;zeyine zarar vermiyoruz, izin verilen dingil y&uuml;k&uuml;n&uuml; a\\u015fm\\u0131yoruz.<\\/li>\\r\\n<li>A\\u011f\\u0131r gabarilerin de trollerle ta\\u015f\\u0131nmas\\u0131n\\u0131 seyahat izinlerinin tescili ile h\\u0131zl\\u0131 ve ucuz bir \\u015fekilde ger&ccedil;ekle\\u015ftiriyoruz.<\\/li>\\r\\n<\\/ul>\\r\\n<\\/div>\\r\\n<\\/div>\\r\\n<div>\\r\\n<h3 class=\\\"h3-md fw-7 mb-4 txt-blue\\\">Hizmet avantajlar\\u0131<\\/h3>\\r\\n<ul class=\\\"liste-stilsiz simgeler-listeleme temas\\u0131-turuncu mb-0\\\">\\r\\n<li>S&uuml;rekli iyile\\u015ftirmenin y&ouml;netimi<\\/li>\\r\\n<li>bir ortakla aktif topluluk<\\/li>\\r\\n<li>m&uuml;\\u015fteriyle g&uuml;n&uuml;n 24 saati ileti\\u015fim kurmak i&ccedil;in<\\/li>\\r\\n<li>Onay ve uyumluluk hizmeti<\\/li>\\r\\n<li>Onay ve uyumluluk hizmeti<\\/li>\\r\\n<\\/ul>\\r\\n<\\/div>\\r\\n<div class=\\\"col-sm-6\\\"><img class=\\\"yuvarlak mb-4\\\" src=\\\"\\/storage\\/photos\\/1\\/uslugi\\/truck-inspection-safety-driver-hand-260nw-1182106255[1].jpg\\\" alt=\\\" \\\" \\/><\\/div>\\r\\n<div class=\\\"col-sm-12 mb-4\\\">\\r\\n<h3 class=\\\"h3-md fw-7 mb-4 txt-blue\\\">More information<\\/h3>\\r\\n<div class=\\\"theme-collapse arrow-right-border\\\">\\r\\n<div class=\\\"toggle\\\">What is do i have to tell you a few lorem?<\\/div>\\r\\n<div class=\\\"collapse\\\">\\r\\n<div class=\\\"content\\\">Nunc non mollis nulla. Sed tconsectetur elit id mi consectetur bibendum. Aenean sollicitudin. Proin gravida nibh vel velit auctor aliquet. Aenean sollicitudin, lorem quis. Vivamus ac ultrices diam,<\\/div>\\r\\n<\\/div>\\r\\n<div class=\\\"toggle\\\">I have a technical problem or support issue I need resolved, who do I email?<\\/div>\\r\\n<div class=\\\"collapse\\\">\\r\\n<div class=\\\"content\\\">Nunc non mollis nulla. Sed tconsectetur elit id mi consectetur bibendum. Aenean sollicitudin. Proin gravida nibh vel velit auctor aliquet. Aenean sollicitudin, lorem quis. Vivamus ac ultrices diam,<\\/div>\\r\\n<\\/div>\\r\\n<div class=\\\"toggle\\\">What other services are you compatible with?<\\/div>\\r\\n<div class=\\\"collapse\\\">\\r\\n<div class=\\\"content\\\">Nunc non mollis nulla. Sed tconsectetur elit id mi consectetur bibendum. Aenean sollicitudin. Proin gravida nibh vel velit auctor aliquet. Aenean sollicitudin, lorem quis. Vivamus ac ultrices diam,<\\/div>\\r\\n<\\/div>\\r\\n<\\/div>\\r\\n<\\/div>\\r\\n<div class=\\\"col-sm-12 mb-4\\\">\\r\\n<h3 class=\\\"h3-md fw-7 mb-4\\\">Still open questions?<\\/h3>\\r\\n<a class=\\\"mr-2 mb-3 btn-theme bg-orange\\\" href=\\\"#\\\">Ask Now <\\/a><\\/div>\"}', '{\"max\":\"max_ljbc3ysba2rhhyaeacet.jpg\",\"min\":\"min_ljbc3ysba2rhhyaeacet.jpg\"}', 2, '2021-11-14 02:40:32', '2021-11-14 05:36:24');

--
-- Индексы сохранённых таблиц
--

--
-- Индексы таблицы `comments`
--
ALTER TABLE `comments`
  ADD PRIMARY KEY (`id`),
  ADD KEY `comments_user_id_foreign` (`user_id`),
  ADD KEY `comments_article_id_foreign` (`article_id`);

--
-- Индексы таблицы `contacts`
--
ALTER TABLE `contacts`
  ADD PRIMARY KEY (`id`);

--
-- Индексы таблицы `failed_jobs`
--
ALTER TABLE `failed_jobs`
  ADD PRIMARY KEY (`id`),
  ADD UNIQUE KEY `failed_jobs_uuid_unique` (`uuid`);

--
-- Индексы таблицы `gallery`
--
ALTER TABLE `gallery`
  ADD PRIMARY KEY (`id`);

--
-- Индексы таблицы `menus`
--
ALTER TABLE `menus`
  ADD PRIMARY KEY (`id`);

--
-- Индексы таблицы `migrations`
--
ALTER TABLE `migrations`
  ADD PRIMARY KEY (`id`);

--
-- Индексы таблицы `ourteam`
--
ALTER TABLE `ourteam`
  ADD PRIMARY KEY (`id`);

--
-- Индексы таблицы `password_resets`
--
ALTER TABLE `password_resets`
  ADD KEY `password_resets_email_index` (`email`);

--
-- Индексы таблицы `permissions`
--
ALTER TABLE `permissions`
  ADD PRIMARY KEY (`id`);

--
-- Индексы таблицы `permission_role`
--
ALTER TABLE `permission_role`
  ADD PRIMARY KEY (`id`),
  ADD KEY `permission_role_role_id_foreign` (`role_id`),
  ADD KEY `permission_role_permission_id_foreign` (`permission_id`);

--
-- Индексы таблицы `requ`
--
ALTER TABLE `requ`
  ADD PRIMARY KEY (`id`);

--
-- Индексы таблицы `roles`
--
ALTER TABLE `roles`
  ADD PRIMARY KEY (`id`);

--
-- Индексы таблицы `role_user`
--
ALTER TABLE `role_user`
  ADD PRIMARY KEY (`id`),
  ADD KEY `role_user_user_id_foreign` (`user_id`),
  ADD KEY `role_user_role_id_foreign` (`role_id`);

--
-- Индексы таблицы `setting`
--
ALTER TABLE `setting`
  ADD PRIMARY KEY (`id`);

--
-- Индексы таблицы `sliders`
--
ALTER TABLE `sliders`
  ADD PRIMARY KEY (`id`);

--
-- Индексы таблицы `users`
--
ALTER TABLE `users`
  ADD PRIMARY KEY (`id`),
  ADD UNIQUE KEY `users_email_unique` (`email`);

--
-- Индексы таблицы `uslugi`
--
ALTER TABLE `uslugi`
  ADD PRIMARY KEY (`id`);

--
-- AUTO_INCREMENT для сохранённых таблиц
--

--
-- AUTO_INCREMENT для таблицы `comments`
--
ALTER TABLE `comments`
  MODIFY `id` int(10) UNSIGNED NOT NULL AUTO_INCREMENT, AUTO_INCREMENT=20;

--
-- AUTO_INCREMENT для таблицы `contacts`
--
ALTER TABLE `contacts`
  MODIFY `id` int(11) UNSIGNED NOT NULL AUTO_INCREMENT, AUTO_INCREMENT=3;

--
-- AUTO_INCREMENT для таблицы `failed_jobs`
--
ALTER TABLE `failed_jobs`
  MODIFY `id` bigint(20) UNSIGNED NOT NULL AUTO_INCREMENT;

--
-- AUTO_INCREMENT для таблицы `gallery`
--
ALTER TABLE `gallery`
  MODIFY `id` bigint(20) UNSIGNED NOT NULL AUTO_INCREMENT, AUTO_INCREMENT=24;

--
-- AUTO_INCREMENT для таблицы `menus`
--
ALTER TABLE `menus`
  MODIFY `id` bigint(20) UNSIGNED NOT NULL AUTO_INCREMENT, AUTO_INCREMENT=4;

--
-- AUTO_INCREMENT для таблицы `migrations`
--
ALTER TABLE `migrations`
  MODIFY `id` int(10) UNSIGNED NOT NULL AUTO_INCREMENT, AUTO_INCREMENT=12;

--
-- AUTO_INCREMENT для таблицы `ourteam`
--
ALTER TABLE `ourteam`
  MODIFY `id` bigint(20) UNSIGNED NOT NULL AUTO_INCREMENT, AUTO_INCREMENT=11;

--
-- AUTO_INCREMENT для таблицы `permissions`
--
ALTER TABLE `permissions`
  MODIFY `id` int(10) UNSIGNED NOT NULL AUTO_INCREMENT, AUTO_INCREMENT=30;

--
-- AUTO_INCREMENT для таблицы `permission_role`
--
ALTER TABLE `permission_role`
  MODIFY `id` int(10) UNSIGNED NOT NULL AUTO_INCREMENT, AUTO_INCREMENT=42;

--
-- AUTO_INCREMENT для таблицы `requ`
--
ALTER TABLE `requ`
  MODIFY `id` bigint(20) UNSIGNED NOT NULL AUTO_INCREMENT, AUTO_INCREMENT=3;

--
-- AUTO_INCREMENT для таблицы `roles`
--
ALTER TABLE `roles`
  MODIFY `id` int(10) UNSIGNED NOT NULL AUTO_INCREMENT, AUTO_INCREMENT=3;

--
-- AUTO_INCREMENT для таблицы `role_user`
--
ALTER TABLE `role_user`
  MODIFY `id` int(10) UNSIGNED NOT NULL AUTO_INCREMENT, AUTO_INCREMENT=15;

--
-- AUTO_INCREMENT для таблицы `setting`
--
ALTER TABLE `setting`
  MODIFY `id` bigint(20) NOT NULL AUTO_INCREMENT, AUTO_INCREMENT=2;

--
-- AUTO_INCREMENT для таблицы `sliders`
--
ALTER TABLE `sliders`
  MODIFY `id` bigint(20) UNSIGNED NOT NULL AUTO_INCREMENT, AUTO_INCREMENT=4;

--
-- AUTO_INCREMENT для таблицы `users`
--
ALTER TABLE `users`
  MODIFY `id` bigint(20) UNSIGNED NOT NULL AUTO_INCREMENT, AUTO_INCREMENT=3;

--
-- AUTO_INCREMENT для таблицы `uslugi`
--
ALTER TABLE `uslugi`
  MODIFY `id` bigint(20) UNSIGNED NOT NULL AUTO_INCREMENT, AUTO_INCREMENT=6;
COMMIT;

/*!40101 SET CHARACTER_SET_CLIENT=@OLD_CHARACTER_SET_CLIENT */;
/*!40101 SET CHARACTER_SET_RESULTS=@OLD_CHARACTER_SET_RESULTS */;
/*!40101 SET COLLATION_CONNECTION=@OLD_COLLATION_CONNECTION */;
